k, label_ponto_1, label_ponto_2, label_ponto_3, label_ponto_4, label_ponto_5, label_ponto_6, label_ponto_7, label_ponto_8, label_ponto_9, label_ponto_10, label_ponto_11, label_ponto_12, label_ponto_13, label_ponto_14, label_ponto_15, label_ponto_16, label_ponto_17, label_ponto_18, label_ponto_19, label_ponto_20, label_ponto_21, label_ponto_22, label_ponto_23, label_ponto_24, label_ponto_25, label_ponto_26, label_ponto_27, label_ponto_28, label_ponto_29, label_ponto_30, label_ponto_31, label_ponto_32, label_ponto_33, label_ponto_34, label_ponto_35, label_ponto_36, label_ponto_37, label_ponto_38, label_ponto_39, label_ponto_40, label_ponto_41, label_ponto_42, label_ponto_43, label_ponto_44, label_ponto_45, label_ponto_46, label_ponto_47, label_ponto_48, label_ponto_49, label_ponto_50, label_ponto_51, label_ponto_52, label_ponto_53, label_ponto_54, label_ponto_55, label_ponto_56, label_ponto_57, label_ponto_58, label_ponto_59, label_ponto_60, label_ponto_61, label_ponto_62, label_ponto_63, label_ponto_64, label_ponto_65, label_ponto_66, label_ponto_67, label_ponto_68, label_ponto_69, label_ponto_70, label_ponto_71, label_ponto_72, label_ponto_73, label_ponto_74, label_ponto_75, label_ponto_76, label_ponto_77, label_ponto_78, label_ponto_79, label_ponto_80, label_ponto_81, label_ponto_82, label_ponto_83, label_ponto_84, label_ponto_85, label_ponto_86, label_ponto_87, label_ponto_88, label_ponto_89, label_ponto_90, label_ponto_91, label_ponto_92, label_ponto_93, label_ponto_94, label_ponto_95, label_ponto_96, label_ponto_97, label_ponto_98, label_ponto_99, label_ponto_100, label_ponto_101, label_ponto_102, label_ponto_103, label_ponto_104, label_ponto_105, label_ponto_106, label_ponto_107, label_ponto_108, label_ponto_109, label_ponto_110, label_ponto_111, label_ponto_112, label_ponto_113, label_ponto_114, label_ponto_115, label_ponto_116, label_ponto_117, label_ponto_118, label_ponto_119, label_ponto_120, label_ponto_121, label_ponto_122, label_ponto_123, label_ponto_124, label_ponto_125, label_ponto_126, label_ponto_127, label_ponto_128, label_ponto_129, label_ponto_130, label_ponto_131, label_ponto_132, label_ponto_133, label_ponto_134, label_ponto_135, label_ponto_136, label_ponto_137, label_ponto_138, label_ponto_139, label_ponto_140, label_ponto_141, label_ponto_142, label_ponto_143, label_ponto_144, label_ponto_145, label_ponto_146, label_ponto_147, label_ponto_148, label_ponto_149, label_ponto_150, tempo_execucao_segundos, 
1, 0, 0, 0, 0, 0, 0, 0, 0, 0, 0, 0, 0, 0, 0, 0, 0, 0, 0, 0, 0, 0, 0, 0, 0, 0, 0, 0, 0, 0, 0, 0, 0, 0, 0, 0, 0, 0, 0, 0, 0, 0, 0, 0, 0, 0, 0, 0, 0, 0, 0, 0, 0, 0, 0, 0, 0, 0, 0, 0, 0, 0, 0, 0, 0, 0, 0, 0, 0, 0, 0, 0, 0, 0, 0, 0, 0, 0, 0, 0, 0, 0, 0, 0, 0, 0, 0, 0, 0, 0, 0, 0, 0, 0, 0, 0, 0, 0, 0, 0, 0, 0, 0, 0, 0, 0, 0, 0, 0, 0, 0, 0, 0, 0, 0, 0, 0, 0, 0, 0, 0, 0, 0, 0, 0, 0, 0, 0, 0, 0, 0, 0, 0, 0, 0, 0, 0, 0, 0, 0, 0, 0, 0, 0, 0, 0, 0, 0, 0, 0, 0, 0.000258, 
2, 1, 1, 1, 1, 1, 1, 1, 1, 1, 1, 1, 1, 1, 1, 1, 1, 1, 1, 1, 1, 1, 1, 1, 1, 1, 1, 1, 1, 1, 1, 1, 1, 1, 1, 1, 1, 1, 1, 1, 1, 1, 1, 1, 1, 1, 1, 1, 1, 1, 1, 0, 0, 0, 0, 0, 0, 0, 1, 0, 0, 0, 0, 0, 0, 0, 0, 0, 0, 0, 0, 0, 0, 0, 0, 0, 0, 0, 0, 0, 0, 0, 0, 0, 0, 0, 0, 0, 0, 0, 0, 0, 0, 0, 1, 0, 0, 0, 0, 1, 0, 0, 0, 0, 0, 0, 0, 0, 0, 0, 0, 0, 0, 0, 0, 0, 0, 0, 0, 0, 0, 0, 0, 0, 0, 0, 0, 0, 0, 0, 0, 0, 0, 0, 0, 0, 0, 0, 0, 0, 0, 0, 0, 0, 0, 0, 0, 0, 0, 0, 0, 0.000611, 
3, 0, 0, 0, 0, 0, 0, 0, 0, 0, 0, 0, 0, 0, 0, 0, 0, 0, 0, 0, 0, 0, 0, 0, 0, 0, 0, 0, 0, 0, 0, 0, 0, 0, 0, 0, 0, 0, 0, 0, 0, 0, 0, 0, 0, 0, 0, 0, 0, 0, 0, 1, 1, 2, 1, 1, 1, 1, 1, 1, 1, 1, 1, 1, 1, 1, 1, 1, 1, 1, 1, 1, 1, 1, 1, 1, 1, 1, 2, 1, 1, 1, 1, 1, 1, 1, 1, 1, 1, 1, 1, 1, 1, 1, 1, 1, 1, 1, 1, 1, 1, 2, 1, 2, 2, 2, 2, 1, 2, 2, 2, 2, 2, 2, 1, 1, 2, 2, 2, 2, 1, 2, 1, 2, 1, 2, 2, 1, 1, 2, 2, 2, 2, 2, 1, 2, 2, 2, 2, 1, 2, 2, 2, 1, 2, 2, 2, 1, 2, 2, 1, 0.001017, 
4, 2, 2, 2, 2, 2, 2, 2, 2, 2, 2, 2, 2, 2, 2, 2, 2, 2, 2, 2, 2, 2, 2, 2, 2, 2, 2, 2, 2, 2, 2, 2, 2, 2, 2, 2, 2, 2, 2, 2, 2, 2, 2, 2, 2, 2, 2, 2, 2, 2, 2, 0, 0, 0, 1, 0, 1, 0, 1, 0, 1, 1, 1, 1, 0, 1, 0, 1, 1, 0, 1, 0, 1, 0, 0, 0, 0, 0, 0, 0, 1, 1, 1, 1, 0, 1, 0, 0, 1, 1, 1, 1, 0, 1, 1, 1, 1, 1, 1, 1, 1, 3, 0, 3, 0, 3, 3, 1, 3, 3, 3, 0, 0, 3, 0, 0, 0, 0, 3, 3, 0, 3, 0, 3, 0, 3, 3, 0, 0, 0, 3, 3, 3, 0, 0, 0, 3, 3, 0, 0, 3, 3, 0, 0, 3, 3, 0, 0, 0, 0, 0, 0.001760, 
5, 0, 3, 3, 3, 0, 0, 3, 0, 3, 3, 0, 3, 3, 3, 0, 0, 0, 0, 0, 0, 0, 0, 3, 0, 3, 3, 0, 0, 0, 3, 3, 0, 0, 0, 3, 3, 0, 3, 3, 0, 0, 3, 3, 0, 0, 3, 0, 3, 0, 3, 4, 4, 4, 2, 4, 2, 4, 2, 4, 2, 2, 2, 2, 4, 2, 4, 4, 2, 4, 2, 4, 2, 4, 4, 4, 4, 4, 4, 4, 2, 2, 2, 2, 4, 2, 4, 4, 4, 2, 2, 2, 4, 2, 2, 2, 2, 2, 4, 2, 2, 1, 4, 1, 1, 1, 1, 2, 1, 1, 1, 4, 4, 1, 4, 4, 1, 1, 1, 1, 4, 1, 4, 1, 4, 1, 1, 4, 4, 1, 1, 1, 1, 1, 4, 4, 1, 1, 1, 4, 1, 1, 1, 4, 1, 1, 1, 4, 4, 1, 4, 0.001761, 
6, 1, 1, 1, 1, 1, 1, 1, 1, 1, 1, 1, 1, 1, 1, 1, 1, 1, 1, 1, 1, 1, 1, 1, 1, 1, 1, 1, 1, 1, 1, 1, 1, 1, 1, 1, 1, 1, 1, 1, 1, 1, 1, 1, 1, 1, 1, 1, 1, 1, 1, 2, 2, 2, 4, 2, 4, 2, 4, 2, 4, 4, 2, 4, 2, 4, 2, 2, 4, 2, 4, 2, 4, 2, 2, 2, 2, 2, 2, 2, 4, 4, 4, 4, 5, 4, 2, 2, 2, 4, 4, 4, 2, 4, 4, 4, 4, 4, 2, 4, 4, 3, 5, 0, 3, 3, 0, 4, 0, 3, 0, 3, 3, 3, 5, 5, 3, 3, 0, 0, 5, 3, 5, 0, 2, 3, 0, 2, 2, 3, 0, 0, 0, 3, 2, 5, 0, 3, 3, 2, 3, 3, 3, 5, 3, 3, 3, 5, 3, 3, 5, 0.001259, 
7, 6, 6, 6, 6, 6, 6, 6, 6, 6, 6, 6, 6, 6, 6, 6, 6, 6, 6, 6, 6, 6, 6, 6, 6, 6, 6, 6, 6, 6, 6, 6, 6, 6, 6, 6, 6, 6, 6, 6, 6, 6, 6, 6, 6, 6, 6, 6, 6, 6, 6, 2, 2, 2, 5, 2, 5, 2, 4, 2, 5, 4, 5, 5, 2, 5, 2, 5, 5, 2, 5, 1, 5, 2, 2, 2, 2, 2, 2, 2, 4, 4, 4, 5, 1, 5, 2, 2, 2, 5, 5, 5, 2, 5, 4, 5, 5, 5, 2, 4, 5, 3, 1, 3, 1, 3, 3, 0, 3, 3, 3, 1, 1, 3, 1, 1, 1, 1, 3, 3, 1, 3, 1, 3, 1, 3, 3, 1, 1, 1, 3, 3, 3, 1, 1, 1, 3, 1, 1, 1, 3, 3, 1, 1, 3, 3, 1, 1, 1, 1, 1, 0.001878, 
8, 1, 5, 5, 5, 1, 7, 5, 1, 3, 5, 7, 5, 5, 3, 7, 7, 7, 1, 7, 7, 1, 1, 3, 1, 5, 5, 1, 1, 1, 5, 5, 1, 7, 7, 5, 5, 1, 5, 3, 1, 1, 3, 3, 1, 7, 5, 7, 5, 7, 1, 4, 4, 4, 6, 4, 4, 4, 6, 4, 6, 6, 4, 6, 4, 6, 4, 4, 6, 4, 6, 4, 6, 4, 4, 4, 4, 4, 4, 4, 6, 6, 6, 6, 4, 6, 4, 4, 4, 6, 6, 6, 4, 6, 6, 6, 6, 6, 4, 6, 6, 0, 4, 2, 0, 0, 2, 6, 2, 0, 2, 0, 0, 0, 4, 0, 0, 0, 2, 2, 4, 0, 4, 2, 4, 0, 2, 4, 4, 0, 2, 2, 2, 0, 4, 4, 2, 0, 0, 4, 0, 0, 0, 4, 0, 0, 0, 4, 0, 0, 4, 0.002297, 
9, 1, 3, 2, 2, 1, 8, 2, 1, 2, 3, 8, 1, 3, 2, 8, 8, 8, 1, 8, 1, 1, 1, 2, 1, 1, 3, 1, 1, 1, 3, 3, 1, 8, 8, 3, 3, 8, 3, 2, 1, 1, 3, 2, 1, 1, 3, 1, 2, 8, 1, 0, 0, 0, 4, 0, 0, 0, 4, 0, 4, 4, 0, 4, 0, 4, 0, 0, 4, 0, 4, 6, 0, 6, 0, 0, 0, 0, 0, 0, 4, 4, 4, 4, 6, 4, 0, 0, 0, 4, 4, 4, 0, 4, 4, 4, 4, 4, 0, 4, 4, 5, 6, 7, 5, 5, 7, 4, 7, 5, 7, 5, 6, 5, 6, 6, 5, 5, 7, 7, 6, 5, 6, 7, 6, 5, 7, 6, 6, 5, 7, 7, 7, 5, 6, 6, 7, 5, 5, 6, 5, 5, 5, 6, 5, 5, 5, 6, 5, 5, 6, 0.002518, 
10, 2, 2, 8, 8, 2, 1, 8, 2, 8, 2, 1, 2, 8, 8, 1, 1, 1, 2, 1, 1, 1, 1, 8, 2, 2, 2, 2, 2, 2, 2, 2, 1, 1, 1, 2, 2, 1, 2, 8, 2, 2, 0, 8, 2, 1, 8, 1, 8, 1, 2, 5, 5, 5, 4, 5, 7, 5, 4, 5, 4, 4, 7, 4, 5, 4, 5, 7, 7, 6, 4, 6, 7, 6, 5, 5, 5, 5, 5, 7, 4, 4, 4, 7, 6, 7, 5, 5, 5, 7, 4, 7, 5, 7, 4, 7, 7, 7, 5, 4, 7, 9, 6, 3, 9, 9, 3, 7, 3, 9, 3, 9, 6, 9, 6, 6, 9, 9, 3, 3, 6, 9, 6, 3, 6, 9, 3, 6, 6, 9, 3, 3, 3, 9, 6, 6, 3, 9, 9, 6, 9, 9, 9, 6, 9, 9, 9, 6, 9, 9, 6, 0.002803, 
11, 5, 5, 2, 2, 5, 1, 2, 5, 2, 5, 1, 5, 2, 2, 1, 1, 1, 5, 1, 1, 1, 1, 2, 5, 5, 5, 5, 5, 5, 5, 5, 1, 1, 1, 5, 5, 1, 5, 2, 5, 5, 2, 2, 5, 1, 2, 1, 2, 1, 5, 0, 0, 0, 3, 0, 3, 0, 3, 0, 3, 3, 3, 3, 9, 3, 0, 9, 3, 9, 3, 9, 3, 9, 9, 0, 0, 0, 0, 9, 3, 3, 3, 3, 9, 3, 0, 0, 9, 3, 3, 3, 0, 3, 3, 3, 3, 3, 0, 3, 3, 8, 9, 6, 4, 8, 7, 3, 6, 4, 7, 10, 4, 10, 9, 9, 8, 4, 7, 7, 9, 10, 9, 7, 9, 10, 6, 9, 9, 4, 6, 6, 7, 4, 9, 4, 7, 8, 4, 9, 10, 10, 10, 9, 8, 8, 10, 9, 4, 8, 9, 0.003558, 
12, 3, 4, 4, 4, 3, 3, 4, 3, 4, 4, 3, 4, 4, 4, 3, 3, 3, 3, 3, 3, 3, 3, 4, 3, 4, 4, 3, 3, 3, 4, 4, 3, 3, 3, 4, 4, 3, 4, 4, 3, 3, 4, 4, 3, 3, 4, 3, 4, 3, 4, 8, 7, 8, 1, 7, 5, 7, 1, 7, 1, 1, 5, 1, 7, 1, 7, 5, 5, 6, 1, 10, 5, 6, 7, 7, 7, 8, 8, 7, 1, 1, 1, 5, 6, 5, 7, 8, 7, 5, 1, 5, 7, 5, 1, 5, 5, 5, 7, 1, 5, 2, 10, 11, 0, 0, 9, 10, 11, 0, 2, 0, 0, 0, 10, 10, 0, 0, 9, 9, 6, 2, 10, 9, 6, 2, 11, 6, 6, 0, 11, 11, 9, 0, 6, 6, 9, 2, 0, 10, 0, 2, 0, 10, 2, 2, 0, 6, 0, 0, 10, 0.003024, 
13, 11, 12, 12, 12, 11, 10, 12, 11, 9, 12, 11, 8, 12, 9, 10, 10, 10, 11, 10, 11, 11, 11, 2, 8, 8, 12, 8, 11, 11, 12, 12, 11, 10, 10, 12, 12, 11, 12, 9, 11, 11, 9, 9, 8, 8, 12, 11, 12, 11, 12, 3, 3, 3, 1, 3, 0, 3, 6, 3, 1, 6, 0, 1, 0, 1, 3, 0, 1, 5, 1, 5, 0, 5, 0, 3, 3, 3, 3, 0, 1, 1, 1, 1, 5, 0, 0, 3, 0, 0, 1, 0, 0, 1, 6, 0, 0, 0, 0, 6, 0, 7, 5, 4, 7, 7, 4, 0, 4, 7, 4, 7, 5, 7, 5, 5, 7, 7, 4, 4, 5, 7, 5, 4, 5, 7, 4, 5, 5, 7, 4, 4, 4, 7, 5, 5, 4, 7, 7, 5, 7, 7, 7, 5, 7, 7, 7, 5, 7, 7, 5, 0.002391, 
14, 1, 10, 10, 10, 1, 13, 10, 6, 10, 10, 5, 6, 10, 10, 5, 5, 5, 1, 13, 5, 6, 6, 1, 6, 6, 10, 6, 6, 6, 10, 10, 6, 5, 5, 10, 1, 5, 10, 10, 6, 1, 10, 10, 6, 13, 10, 5, 10, 5, 1, 4, 4, 4, 9, 4, 7, 4, 9, 4, 9, 9, 7, 9, 7, 9, 4, 7, 9, 3, 9, 7, 9, 3, 3, 4, 4, 4, 4, 7, 9, 9, 9, 9, 3, 7, 7, 4, 3, 9, 9, 9, 7, 9, 9, 9, 9, 9, 4, 9, 9, 11, 7, 0, 2, 11, 12, 9, 12, 2, 0, 8, 2, 8, 7, 7, 8, 2, 12, 12, 3, 0, 7, 12, 3, 0, 12, 7, 7, 2, 12, 12, 12, 2, 3, 2, 12, 11, 2, 7, 8, 0, 8, 7, 0, 0, 8, 3, 8, 11, 7, 0.001793, 
15, 9, 7, 7, 7, 9, 6, 7, 9, 7, 7, 6, 9, 7, 7, 8, 8, 8, 9, 6, 6, 6, 6, 7, 9, 9, 7, 9, 9, 9, 7, 7, 6, 6, 8, 7, 9, 6, 7, 7, 9, 9, 7, 7, 9, 6, 7, 6, 7, 6, 9, 5, 10, 5, 11, 10, 12, 10, 2, 10, 11, 2, 12, 13, 10, 11, 10, 12, 11, 13, 11, 4, 11, 3, 10, 10, 10, 5, 5, 10, 11, 11, 11, 11, 3, 12, 10, 5, 13, 12, 11, 12, 10, 11, 2, 12, 12, 12, 10, 2, 12, 1, 4, 14, 0, 1, 14, 12, 14, 0, 14, 0, 0, 1, 4, 4, 1, 0, 14, 14, 3, 1, 4, 14, 3, 1, 14, 3, 4, 0, 14, 14, 14, 0, 3, 0, 14, 1, 0, 4, 1, 1, 1, 4, 1, 1, 1, 3, 0, 1, 4, 0.003140, 
16, 1, 8, 8, 8, 1, 9, 13, 1, 8, 8, 6, 13, 8, 8, 5, 5, 5, 1, 6, 9, 6, 9, 0, 10, 13, 10, 10, 1, 1, 13, 8, 6, 9, 5, 8, 0, 6, 8, 8, 1, 1, 8, 8, 10, 9, 8, 9, 8, 6, 1, 2, 2, 2, 15, 2, 11, 2, 15, 2, 15, 15, 11, 15, 11, 15, 2, 11, 11, 12, 15, 14, 11, 12, 11, 2, 2, 2, 2, 11, 15, 15, 15, 11, 14, 11, 11, 2, 12, 11, 15, 11, 11, 11, 15, 11, 11, 11, 11, 15, 11, 7, 14, 4, 3, 7, 4, 15, 4, 3, 4, 3, 3, 3, 14, 14, 7, 3, 4, 4, 12, 7, 14, 4, 14, 7, 4, 14, 14, 3, 4, 4, 4, 3, 12, 12, 4, 7, 3, 14, 3, 7, 3, 14, 7, 7, 3, 14, 3, 7, 14, 0.005011, 
17, 5, 11, 11, 11, 5, 14, 10, 5, 7, 11, 13, 10, 11, 7, 2, 2, 13, 5, 2, 14, 13, 14, 4, 10, 10, 11, 10, 5, 5, 11, 11, 13, 14, 2, 11, 11, 13, 11, 7, 5, 5, 7, 7, 10, 14, 11, 14, 11, 13, 5, 15, 15, 15, 6, 15, 12, 15, 6, 15, 6, 6, 12, 6, 12, 6, 15, 16, 6, 12, 6, 16, 12, 0, 12, 12, 15, 15, 15, 12, 6, 6, 6, 6, 0, 16, 16, 15, 12, 6, 6, 6, 12, 6, 6, 6, 12, 12, 12, 6, 6, 8, 0, 1, 8, 8, 3, 6, 1, 8, 9, 8, 0, 8, 0, 16, 8, 8, 9, 3, 0, 8, 16, 3, 0, 8, 1, 0, 16, 8, 1, 1, 9, 8, 0, 0, 1, 8, 8, 16, 8, 8, 8, 0, 8, 8, 8, 0, 8, 8, 16, 0.003184, 
18, 12, 11, 2, 2, 12, 14, 2, 11, 2, 11, 12, 11, 2, 2, 14, 14, 14, 12, 14, 12, 12, 12, 2, 11, 11, 11, 11, 12, 12, 11, 11, 12, 14, 14, 11, 11, 12, 11, 2, 12, 12, 2, 2, 12, 12, 2, 12, 2, 12, 11, 17, 10, 17, 16, 10, 9, 8, 3, 10, 9, 3, 15, 16, 15, 16, 10, 9, 16, 0, 16, 8, 16, 5, 15, 10, 10, 17, 17, 15, 16, 16, 16, 16, 5, 9, 8, 17, 0, 9, 16, 9, 15, 16, 3, 9, 9, 9, 15, 3, 9, 1, 4, 6, 13, 1, 7, 9, 6, 13, 1, 13, 13, 1, 4, 4, 13, 13, 7, 7, 5, 1, 4, 7, 5, 1, 6, 4, 4, 13, 6, 6, 7, 13, 5, 5, 6, 1, 13, 4, 1, 1, 1, 4, 1, 1, 13, 5, 13, 13, 4, 0.004243, 
19, 4, 10, 15, 15, 4, 1, 15, 4, 3, 10, 4, 15, 10, 3, 1, 1, 1, 4, 1, 4, 4, 4, 15, 4, 15, 10, 4, 4, 4, 15, 10, 4, 1, 1, 10, 10, 4, 10, 3, 4, 4, 3, 3, 4, 4, 10, 4, 15, 4, 10, 2, 2, 2, 17, 2, 11, 12, 13, 2, 17, 13, 11, 14, 12, 17, 2, 11, 14, 14, 17, 5, 14, 18, 12, 2, 2, 2, 18, 12, 17, 17, 17, 17, 18, 11, 12, 2, 14, 11, 17, 11, 12, 14, 13, 11, 11, 11, 12, 13, 11, 0, 16, 9, 6, 0, 9, 7, 9, 6, 9, 0, 6, 0, 16, 8, 0, 6, 9, 9, 16, 0, 5, 9, 18, 0, 9, 18, 5, 6, 9, 9, 9, 6, 18, 6, 9, 0, 6, 5, 0, 0, 0, 16, 0, 0, 0, 18, 6, 0, 5, 0.004302, 
20, 7, 0, 0, 0, 7, 4, 0, 7, 14, 0, 11, 0, 0, 14, 11, 4, 11, 7, 4, 11, 7, 7, 0, 7, 0, 0, 7, 7, 7, 0, 0, 7, 11, 11, 0, 0, 7, 0, 14, 7, 7, 14, 0, 7, 4, 0, 11, 0, 11, 7, 18, 5, 18, 2, 10, 2, 5, 12, 5, 2, 12, 2, 2, 10, 2, 5, 2, 2, 9, 2, 19, 2, 1, 10, 10, 5, 18, 18, 10, 12, 12, 12, 2, 1, 2, 5, 18, 9, 2, 2, 2, 10, 2, 12, 2, 2, 2, 10, 12, 2, 8, 19, 16, 6, 8, 17, 2, 17, 6, 16, 15, 15, 3, 19, 19, 3, 6, 13, 17, 9, 8, 19, 17, 1, 8, 16, 1, 19, 6, 16, 17, 13, 6, 1, 6, 17, 8, 6, 19, 3, 8, 3, 19, 8, 8, 3, 1, 15, 8, 19, 0.003591, 
21, 2, 13, 19, 15, 2, 9, 10, 2, 15, 13, 2, 10, 13, 15, 9, 9, 9, 2, 9, 2, 6, 2, 19, 6, 10, 13, 10, 2, 2, 10, 13, 6, 9, 9, 13, 19, 6, 13, 15, 2, 19, 15, 15, 2, 2, 13, 2, 15, 2, 19, 17, 17, 17, 20, 17, 5, 8, 7, 17, 14, 7, 11, 1, 8, 1, 17, 5, 1, 16, 1, 8, 11, 16, 8, 17, 17, 17, 17, 8, 12, 12, 12, 1, 4, 5, 8, 17, 16, 11, 14, 5, 8, 1, 7, 11, 11, 11, 8, 7, 11, 18, 4, 0, 3, 18, 0, 5, 0, 3, 0, 18, 3, 18, 4, 4, 18, 3, 0, 0, 16, 18, 4, 0, 4, 18, 0, 4, 4, 3, 0, 0, 0, 18, 3, 3, 0, 18, 3, 4, 18, 18, 18, 4, 18, 18, 18, 4, 18, 18, 4, 0.005717, 
22, 14, 13, 13, 20, 4, 2, 20, 14, 17, 13, 0, 20, 13, 17, 2, 2, 2, 14, 2, 4, 0, 4, 4, 21, 20, 13, 21, 14, 14, 20, 13, 0, 2, 2, 13, 13, 0, 13, 17, 14, 4, 17, 17, 21, 21, 13, 4, 20, 0, 14, 11, 11, 11, 10, 11, 12, 11, 6, 11, 8, 6, 12, 10, 3, 10, 11, 8, 12, 1, 10, 18, 12, 1, 3, 3, 11, 11, 11, 3, 10, 10, 10, 10, 1, 8, 3, 11, 3, 12, 10, 8, 3, 10, 6, 12, 12, 12, 3, 6, 12, 16, 18, 19, 5, 5, 7, 8, 9, 5, 19, 15, 5, 15, 18, 18, 16, 5, 9, 7, 1, 19, 18, 7, 1, 19, 9, 1, 18, 5, 9, 9, 9, 5, 1, 5, 9, 16, 5, 18, 15, 19, 15, 18, 19, 19, 15, 1, 15, 16, 18, 0.004458, 
23, 17, 16, 14, 16, 17, 13, 14, 17, 14, 16, 13, 16, 16, 14, 6, 6, 6, 17, 6, 13, 8, 13, 14, 8, 16, 16, 17, 17, 17, 16, 16, 8, 13, 6, 16, 17, 8, 16, 14, 17, 17, 15, 14, 17, 13, 16, 13, 14, 13, 17, 11, 11, 11, 7, 11, 21, 1, 5, 11, 7, 5, 21, 4, 12, 7, 11, 21, 7, 22, 7, 1, 21, 9, 12, 12, 11, 11, 0, 12, 7, 7, 7, 7, 9, 21, 1, 11, 4, 21, 7, 21, 12, 7, 5, 21, 21, 21, 12, 5, 21, 3, 20, 18, 3, 3, 19, 20, 19, 3, 18, 0, 9, 3, 20, 2, 3, 3, 19, 19, 22, 18, 20, 19, 10, 3, 19, 10, 10, 3, 19, 19, 19, 3, 9, 9, 19, 3, 3, 10, 0, 3, 0, 20, 18, 18, 0, 10, 0, 3, 10, 0.004864, 
24, 9, 19, 19, 19, 9, 20, 15, 9, 19, 19, 20, 15, 19, 19, 11, 11, 20, 9, 4, 20, 4, 20, 21, 7, 15, 19, 9, 9, 9, 15, 19, 7, 20, 11, 19, 9, 7, 19, 19, 9, 9, 19, 19, 9, 20, 19, 20, 19, 20, 9, 0, 2, 0, 12, 5, 1, 2, 14, 5, 12, 14, 1, 16, 2, 23, 2, 1, 16, 10, 12, 22, 23, 5, 2, 2, 2, 5, 0, 2, 23, 12, 12, 23, 22, 1, 2, 0, 10, 1, 12, 1, 2, 16, 14, 1, 1, 1, 2, 14, 1, 17, 22, 18, 3, 13, 6, 1, 8, 3, 13, 3, 3, 3, 22, 22, 3, 3, 6, 6, 10, 13, 22, 6, 22, 13, 18, 22, 22, 3, 18, 8, 6, 3, 5, 22, 8, 17, 3, 22, 3, 13, 3, 22, 13, 13, 3, 22, 3, 17, 22, 0.004135, 
25, 23, 13, 4, 4, 23, 0, 4, 23, 16, 13, 17, 23, 13, 16, 0, 0, 0, 23, 0, 17, 17, 17, 4, 23, 19, 13, 23, 17, 23, 4, 13, 17, 0, 0, 13, 13, 17, 13, 16, 23, 23, 22, 16, 23, 17, 13, 17, 4, 17, 23, 18, 18, 18, 9, 18, 15, 20, 7, 18, 15, 11, 12, 9, 20, 9, 18, 6, 15, 21, 9, 20, 12, 21, 21, 12, 18, 18, 18, 20, 9, 9, 9, 9, 1, 6, 20, 18, 21, 15, 9, 15, 20, 9, 11, 15, 15, 15, 12, 7, 15, 8, 1, 24, 10, 10, 2, 6, 24, 10, 8, 3, 10, 3, 1, 1, 3, 10, 2, 2, 5, 8, 1, 2, 1, 8, 24, 1, 20, 10, 24, 24, 2, 10, 21, 14, 2, 8, 10, 20, 3, 8, 3, 1, 8, 8, 3, 1, 3, 3, 1, 0.004433, 
26, 17, 5, 7, 5, 17, 1, 7, 17, 4, 5, 0, 15, 5, 4, 23, 3, 23, 17, 1, 17, 0, 17, 7, 19, 15, 5, 19, 0, 0, 5, 5, 0, 23, 3, 5, 5, 0, 5, 4, 17, 17, 4, 7, 19, 19, 5, 17, 7, 0, 5, 25, 24, 25, 20, 12, 18, 24, 13, 12, 20, 8, 2, 21, 24, 21, 12, 18, 21, 12, 21, 24, 16, 6, 24, 12, 12, 25, 25, 24, 21, 20, 21, 21, 6, 18, 24, 25, 12, 2, 20, 18, 24, 21, 13, 2, 2, 2, 16, 11, 2, 22, 6, 14, 22, 22, 10, 18, 10, 14, 10, 9, 9, 14, 6, 6, 22, 9, 10, 10, 6, 14, 6, 10, 6, 14, 14, 6, 24, 22, 14, 10, 10, 22, 6, 6, 10, 22, 22, 24, 14, 14, 9, 6, 14, 14, 9, 6, 9, 22, 6, 0.004935, 
27, 22, 2, 2, 2, 22, 25, 2, 22, 2, 2, 25, 22, 2, 2, 9, 23, 9, 22, 9, 25, 22, 25, 2, 22, 22, 2, 22, 22, 22, 2, 2, 22, 25, 23, 2, 2, 9, 2, 2, 22, 22, 2, 2, 22, 25, 2, 25, 2, 25, 22, 18, 18, 18, 7, 18, 11, 18, 3, 18, 19, 6, 5, 7, 15, 8, 18, 5, 7, 17, 7, 10, 15, 17, 15, 15, 18, 18, 18, 15, 24, 7, 7, 7, 20, 5, 15, 18, 17, 5, 7, 11, 15, 7, 3, 5, 5, 5, 15, 3, 5, 0, 16, 12, 14, 14, 1, 21, 12, 14, 26, 4, 4, 13, 16, 16, 4, 4, 1, 1, 17, 26, 16, 1, 20, 26, 12, 20, 10, 14, 12, 12, 1, 14, 20, 20, 1, 0, 4, 10, 13, 26, 13, 16, 26, 26, 13, 20, 4, 0, 10, 0.004002, 
28, 22, 0, 19, 19, 22, 9, 19, 22, 19, 0, 9, 26, 0, 19, 8, 8, 8, 22, 8, 9, 22, 9, 19, 17, 26, 0, 17, 22, 22, 0, 0, 22, 9, 8, 0, 0, 22, 0, 19, 22, 22, 19, 19, 17, 17, 0, 9, 19, 9, 22, 13, 23, 13, 1, 23, 5, 25, 10, 23, 5, 20, 5, 1, 25, 5, 23, 5, 5, 16, 1, 24, 5, 16, 25, 23, 23, 13, 13, 25, 1, 1, 1, 5, 12, 5, 25, 13, 16, 5, 1, 5, 25, 5, 10, 5, 5, 5, 25, 10, 5, 15, 6, 14, 3, 7, 27, 2, 14, 3, 15, 18, 21, 7, 6, 11, 18, 18, 27, 27, 16, 15, 11, 27, 4, 7, 14, 4, 24, 7, 14, 14, 27, 7, 4, 3, 27, 7, 18, 24, 7, 7, 18, 6, 15, 15, 18, 21, 18, 18, 12, 0.005579, 
29, 21, 11, 20, 11, 21, 27, 20, 21, 18, 11, 27, 11, 11, 18, 17, 17, 17, 21, 27, 21, 27, 21, 20, 21, 11, 11, 21, 21, 21, 11, 11, 27, 17, 17, 11, 11, 27, 11, 18, 21, 21, 18, 20, 21, 27, 11, 21, 20, 27, 11, 2, 23, 2, 0, 23, 1, 24, 25, 23, 7, 25, 15, 0, 19, 13, 23, 1, 15, 26, 0, 24, 15, 22, 19, 19, 23, 4, 4, 19, 13, 0, 0, 15, 22, 1, 24, 23, 26, 7, 0, 1, 19, 15, 25, 15, 15, 15, 19, 25, 15, 6, 12, 5, 28, 6, 9, 14, 5, 28, 6, 8, 28, 8, 12, 12, 8, 28, 3, 9, 22, 6, 12, 9, 22, 6, 5, 22, 24, 28, 5, 5, 3, 28, 22, 10, 16, 6, 28, 24, 8, 6, 8, 12, 6, 6, 8, 22, 8, 8, 12, 0.006793, 
30, 8, 24, 0, 1, 19, 4, 0, 8, 25, 14, 19, 22, 14, 25, 4, 4, 4, 8, 4, 19, 8, 19, 0, 22, 22, 14, 22, 8, 8, 1, 1, 8, 4, 4, 14, 24, 8, 14, 25, 8, 8, 28, 25, 2, 2, 24, 19, 0, 19, 8, 23, 17, 23, 11, 23, 6, 17, 7, 23, 26, 29, 3, 11, 17, 26, 23, 6, 11, 15, 11, 21, 27, 15, 17, 27, 23, 23, 20, 17, 26, 11, 11, 11, 9, 6, 17, 23, 15, 3, 11, 6, 17, 11, 29, 3, 3, 3, 27, 7, 3, 10, 21, 12, 13, 16, 18, 6, 12, 13, 5, 20, 13, 20, 21, 21, 10, 13, 18, 18, 15, 5, 21, 18, 21, 5, 12, 21, 21, 13, 12, 12, 18, 13, 9, 9, 18, 10, 13, 21, 20, 16, 20, 21, 5, 16, 20, 21, 20, 10, 21, 0.007080, 
31, 26, 14, 8, 14, 26, 9, 8, 26, 1, 14, 26, 18, 14, 1, 9, 9, 9, 26, 9, 26, 26, 26, 8, 18, 18, 14, 18, 26, 26, 14, 14, 26, 9, 9, 14, 14, 26, 14, 1, 26, 26, 22, 1, 18, 18, 14, 26, 8, 26, 14, 28, 4, 28, 27, 4, 3, 13, 10, 4, 27, 10, 25, 24, 7, 25, 4, 3, 25, 24, 25, 13, 21, 29, 7, 21, 4, 28, 28, 7, 10, 10, 10, 25, 29, 3, 13, 28, 24, 25, 27, 27, 7, 25, 10, 25, 25, 25, 21, 10, 25, 12, 30, 0, 11, 6, 20, 27, 20, 0, 2, 19, 11, 23, 30, 30, 19, 11, 16, 5, 29, 2, 30, 20, 29, 2, 17, 29, 13, 6, 17, 20, 16, 6, 29, 11, 5, 12, 11, 13, 23, 6, 15, 30, 2, 12, 15, 29, 19, 19, 30, 0.010536, 
32, 13, 2, 2, 20, 13, 21, 17, 13, 3, 11, 21, 20, 22, 3, 26, 26, 21, 13, 21, 4, 12, 4, 17, 12, 29, 11, 13, 13, 13, 20, 20, 12, 21, 26, 11, 2, 12, 11, 3, 13, 13, 28, 17, 12, 4, 2, 4, 17, 21, 13, 25, 25, 25, 16, 25, 6, 1, 24, 25, 9, 24, 9, 16, 30, 9, 25, 14, 16, 30, 16, 1, 9, 10, 30, 30, 25, 25, 19, 30, 16, 16, 16, 16, 10, 14, 1, 25, 30, 9, 16, 6, 30, 16, 24, 6, 9, 9, 30, 24, 9, 7, 23, 5, 8, 15, 31, 14, 0, 15, 5, 19, 15, 19, 23, 23, 7, 8, 18, 31, 10, 5, 23, 31, 10, 7, 27, 10, 1, 15, 27, 0, 18, 15, 10, 8, 31, 7, 8, 1, 19, 7, 19, 23, 5, 7, 19, 10, 19, 7, 23, 0.007036, 
33, 2, 8, 30, 8, 2, 26, 30, 2, 20, 8, 29, 9, 8, 20, 26, 26, 26, 2, 26, 0, 29, 0, 30, 0, 9, 8, 0, 29, 2, 8, 8, 29, 26, 26, 8, 2, 29, 8, 20, 2, 2, 20, 30, 0, 0, 8, 0, 30, 29, 2, 5, 28, 5, 6, 5, 12, 32, 17, 5, 6, 17, 15, 14, 13, 24, 5, 12, 27, 31, 14, 18, 15, 19, 13, 15, 5, 5, 21, 13, 24, 14, 14, 27, 19, 12, 32, 5, 31, 27, 6, 6, 13, 27, 17, 27, 27, 27, 15, 17, 27, 3, 23, 1, 7, 3, 25, 6, 1, 7, 4, 21, 21, 11, 23, 22, 10, 16, 4, 25, 31, 3, 23, 25, 19, 3, 1, 19, 18, 7, 1, 1, 4, 7, 19, 7, 25, 10, 16, 18, 11, 3, 11, 23, 3, 3, 11, 19, 21, 10, 18, 0.007499, 
34, 22, 3, 19, 19, 22, 16, 19, 22, 28, 26, 6, 26, 3, 28, 16, 16, 16, 22, 6, 27, 6, 27, 30, 27, 26, 26, 22, 22, 22, 26, 26, 6, 16, 16, 26, 12, 6, 26, 28, 22, 22, 28, 19, 27, 27, 3, 27, 19, 6, 12, 17, 17, 17, 10, 17, 33, 0, 20, 17, 10, 20, 32, 8, 23, 8, 17, 33, 8, 29, 8, 0, 32, 24, 23, 32, 17, 17, 21, 23, 8, 8, 8, 8, 24, 33, 0, 17, 29, 4, 10, 33, 23, 8, 20, 4, 4, 4, 32, 20, 4, 31, 25, 7, 1, 13, 15, 33, 7, 9, 14, 21, 9, 21, 25, 25, 18, 1, 15, 15, 11, 14, 25, 15, 2, 14, 7, 2, 2, 5, 7, 7, 15, 5, 24, 9, 15, 18, 1, 2, 21, 14, 21, 25, 14, 14, 21, 2, 21, 18, 25, 0.006933, 
35, 25, 34, 6, 34, 13, 23, 6, 25, 4, 34, 23, 31, 34, 4, 11, 11, 5, 25, 23, 27, 23, 27, 6, 1, 31, 34, 1, 25, 25, 34, 34, 1, 11, 11, 34, 6, 23, 34, 4, 25, 13, 14, 4, 1, 27, 34, 27, 6, 23, 25, 3, 2, 3, 12, 21, 28, 30, 33, 21, 12, 33, 28, 9, 20, 15, 2, 28, 15, 9, 15, 30, 15, 16, 20, 2, 2, 21, 26, 20, 15, 15, 15, 15, 16, 28, 30, 21, 9, 28, 12, 12, 20, 15, 33, 28, 28, 28, 20, 29, 28, 0, 18, 22, 19, 7, 10, 12, 17, 19, 22, 26, 19, 32, 18, 18, 32, 24, 8, 10, 16, 32, 18, 10, 16, 32, 22, 16, 30, 7, 22, 17, 8, 7, 16, 19, 17, 0, 24, 30, 32, 32, 32, 18, 32, 32, 32, 16, 24, 0, 18, 0.006231, 
36, 3, 18, 21, 25, 3, 20, 21, 3, 15, 25, 22, 29, 25, 15, 20, 20, 20, 3, 20, 3, 22, 3, 21, 19, 29, 18, 19, 22, 3, 29, 25, 22, 20, 20, 25, 25, 22, 25, 15, 3, 3, 0, 21, 19, 19, 25, 22, 21, 22, 3, 23, 7, 23, 32, 23, 9, 7, 27, 23, 9, 27, 24, 32, 5, 28, 23, 9, 6, 10, 32, 5, 24, 11, 12, 12, 12, 23, 23, 5, 28, 32, 32, 6, 11, 9, 7, 23, 10, 9, 32, 9, 7, 6, 27, 9, 9, 9, 12, 27, 6, 2, 8, 33, 17, 26, 34, 9, 33, 26, 13, 31, 17, 14, 8, 8, 31, 17, 34, 34, 30, 1, 8, 34, 4, 35, 16, 4, 5, 26, 16, 33, 34, 26, 11, 11, 33, 2, 17, 5, 14, 1, 14, 8, 1, 1, 14, 4, 31, 2, 5, 0.006246, 
37, 1, 16, 3, 3, 21, 13, 21, 16, 3, 16, 1, 16, 16, 3, 33, 33, 13, 1, 13, 13, 1, 13, 21, 28, 29, 16, 28, 1, 1, 16, 16, 1, 13, 33, 16, 16, 1, 16, 3, 1, 21, 2, 3, 28, 13, 16, 13, 3, 1, 16, 22, 22, 26, 14, 24, 15, 30, 36, 24, 14, 36, 25, 7, 31, 11, 22, 19, 11, 7, 14, 30, 11, 0, 31, 24, 24, 26, 26, 25, 14, 14, 14, 11, 0, 19, 30, 22, 7, 11, 14, 15, 31, 11, 36, 11, 11, 11, 25, 36, 11, 17, 6, 18, 35, 17, 20, 19, 32, 27, 18, 8, 8, 4, 6, 6, 5, 35, 12, 20, 23, 4, 6, 20, 9, 4, 32, 10, 10, 27, 32, 32, 12, 17, 0, 35, 34, 5, 35, 10, 4, 4, 4, 6, 18, 4, 4, 9, 8, 5, 10, 0.010789, 
38, 29, 24, 15, 15, 29, 22, 15, 29, 2, 24, 22, 29, 24, 2, 16, 23, 16, 29, 22, 19, 18, 19, 15, 29, 29, 24, 29, 29, 29, 24, 24, 18, 19, 23, 24, 24, 22, 24, 2, 29, 29, 8, 2, 29, 33, 24, 19, 15, 19, 29, 31, 31, 31, 0, 31, 14, 6, 10, 31, 30, 10, 37, 21, 4, 28, 31, 14, 34, 17, 9, 6, 34, 7, 4, 4, 31, 31, 31, 37, 9, 9, 9, 34, 25, 14, 6, 31, 17, 14, 0, 0, 4, 34, 10, 0, 14, 14, 4, 10, 34, 12, 3, 36, 13, 12, 20, 30, 32, 27, 5, 35, 7, 35, 3, 3, 26, 13, 11, 20, 17, 12, 3, 20, 25, 12, 1, 25, 25, 13, 1, 36, 11, 13, 25, 13, 5, 26, 13, 6, 35, 12, 35, 3, 12, 12, 35, 7, 35, 26, 3, 0.006449, 
39, 7, 26, 4, 4, 27, 37, 4, 14, 12, 25, 37, 14, 26, 12, 19, 19, 37, 7, 37, 7, 7, 7, 27, 34, 0, 25, 34, 7, 7, 25, 25, 7, 38, 19, 25, 10, 37, 25, 12, 14, 27, 12, 4, 34, 21, 26, 7, 4, 37, 14, 6, 11, 6, 36, 6, 3, 11, 8, 6, 17, 8, 15, 24, 11, 29, 6, 15, 24, 28, 23, 11, 2, 28, 2, 2, 6, 6, 6, 15, 29, 23, 23, 24, 35, 15, 11, 6, 2, 22, 36, 3, 11, 24, 8, 3, 22, 22, 2, 16, 22, 30, 35, 1, 20, 32, 9, 17, 1, 5, 30, 33, 5, 13, 35, 31, 33, 20, 9, 9, 28, 30, 35, 9, 35, 30, 1, 35, 35, 32, 1, 1, 9, 32, 35, 18, 9, 30, 20, 35, 13, 30, 13, 35, 30, 30, 13, 35, 33, 33, 35, 0.007731, 
40, 11, 3, 28, 28, 11, 23, 28, 2, 28, 3, 27, 3, 3, 28, 32, 37, 32, 11, 23, 16, 9, 21, 7, 24, 3, 3, 24, 27, 2, 3, 3, 9, 32, 32, 3, 2, 9, 3, 28, 2, 11, 10, 28, 24, 23, 3, 16, 28, 27, 2, 1, 13, 1, 19, 6, 15, 13, 20, 6, 19, 20, 8, 33, 13, 38, 6, 4, 34, 29, 19, 13, 8, 18, 0, 0, 6, 6, 1, 13, 19, 19, 19, 8, 18, 4, 13, 1, 29, 34, 19, 15, 13, 8, 20, 15, 34, 34, 0, 20, 34, 39, 14, 25, 30, 30, 12, 4, 25, 17, 5, 31, 22, 36, 14, 14, 31, 30, 5, 12, 29, 36, 14, 12, 18, 30, 26, 18, 18, 22, 26, 25, 5, 22, 18, 35, 25, 39, 30, 13, 36, 36, 36, 14, 39, 39, 36, 18, 31, 39, 14, 0.007769, 
41, 33, 15, 16, 11, 33, 13, 16, 33, 27, 11, 13, 33, 15, 27, 10, 10, 26, 33, 13, 26, 31, 26, 16, 33, 0, 2, 33, 31, 31, 11, 11, 31, 26, 10, 11, 4, 31, 11, 27, 33, 33, 27, 16, 33, 0, 15, 26, 16, 26, 33, 18, 30, 18, 25, 37, 5, 40, 14, 24, 25, 14, 19, 6, 34, 19, 30, 8, 6, 38, 6, 36, 12, 37, 34, 30, 30, 24, 29, 40, 17, 17, 17, 6, 34, 8, 40, 18, 38, 19, 25, 28, 40, 6, 14, 39, 19, 19, 12, 14, 19, 35, 9, 21, 20, 21, 32, 3, 32, 20, 32, 1, 7, 21, 9, 9, 1, 23, 32, 32, 38, 21, 9, 32, 7, 21, 21, 34, 36, 20, 21, 32, 32, 20, 34, 20, 32, 35, 23, 36, 21, 21, 22, 9, 21, 35, 22, 7, 1, 35, 36, 0.006819, 
42, 13, 35, 0, 0, 13, 28, 0, 13, 26, 35, 21, 1, 35, 26, 20, 14, 21, 13, 28, 21, 23, 30, 13, 1, 1, 35, 1, 23, 23, 0, 35, 23, 8, 20, 35, 13, 23, 35, 26, 23, 13, 26, 0, 30, 28, 35, 21, 0, 21, 13, 9, 37, 9, 17, 29, 38, 37, 5, 29, 6, 5, 38, 31, 37, 12, 29, 38, 31, 16, 10, 37, 22, 11, 11, 22, 29, 29, 4, 38, 12, 10, 10, 31, 11, 38, 37, 29, 32, 15, 17, 15, 37, 31, 5, 15, 15, 15, 22, 5, 15, 2, 40, 27, 39, 2, 25, 34, 27, 18, 3, 4, 39, 24, 40, 40, 19, 39, 33, 7, 11, 41, 40, 36, 11, 41, 27, 11, 40, 18, 27, 27, 33, 18, 11, 39, 3, 19, 39, 40, 24, 41, 24, 40, 41, 41, 24, 11, 4, 19, 40, 0.010516, 
43, 12, 7, 36, 16, 12, 3, 36, 12, 21, 11, 14, 16, 7, 42, 3, 3, 3, 12, 3, 19, 14, 19, 36, 22, 16, 7, 22, 12, 12, 16, 16, 14, 19, 3, 11, 5, 14, 11, 21, 12, 12, 40, 42, 2, 1, 7, 19, 42, 19, 5, 26, 9, 20, 31, 9, 17, 30, 28, 9, 31, 28, 15, 10, 30, 15, 9, 17, 10, 29, 10, 35, 15, 18, 0, 9, 9, 20, 20, 30, 10, 10, 10, 10, 38, 17, 35, 20, 29, 15, 31, 31, 30, 10, 28, 31, 15, 15, 0, 28, 15, 13, 33, 4, 34, 13, 25, 17, 8, 34, 4, 6, 34, 32, 33, 33, 6, 34, 39, 25, 18, 4, 33, 25, 41, 4, 8, 41, 41, 34, 8, 24, 39, 34, 23, 38, 24, 6, 34, 35, 32, 13, 37, 33, 4, 13, 37, 41, 34, 6, 33, 0.009058, 
44, 41, 22, 43, 43, 41, 24, 11, 41, 43, 22, 5, 35, 22, 43, 8, 24, 24, 41, 24, 6, 23, 6, 11, 2, 35, 37, 2, 26, 26, 35, 22, 23, 6, 24, 22, 41, 8, 22, 43, 26, 41, 38, 43, 2, 6, 22, 6, 43, 5, 41, 18, 33, 18, 15, 33, 28, 3, 1, 33, 42, 1, 20, 10, 20, 42, 33, 28, 19, 21, 29, 3, 19, 13, 20, 33, 33, 18, 18, 20, 29, 29, 29, 19, 27, 28, 3, 18, 21, 19, 15, 19, 20, 19, 1, 19, 19, 19, 20, 1, 19, 12, 36, 40, 7, 12, 30, 14, 34, 16, 4, 39, 16, 17, 0, 36, 39, 7, 32, 30, 25, 31, 36, 30, 13, 31, 40, 13, 3, 16, 34, 34, 32, 16, 27, 27, 32, 12, 7, 3, 17, 31, 9, 36, 31, 31, 9, 13, 39, 39, 3, 0.007573, 
45, 35, 42, 22, 22, 35, 30, 39, 35, 16, 42, 20, 42, 42, 16, 1, 1, 27, 35, 27, 33, 23, 33, 39, 34, 42, 42, 34, 35, 35, 42, 42, 23, 15, 1, 42, 35, 20, 42, 16, 35, 35, 9, 16, 34, 30, 42, 33, 22, 33, 35, 7, 44, 7, 13, 5, 8, 36, 38, 5, 26, 21, 32, 13, 36, 26, 44, 24, 31, 4, 25, 11, 10, 4, 36, 5, 44, 18, 18, 36, 25, 25, 25, 31, 6, 24, 36, 44, 4, 32, 31, 8, 36, 31, 21, 31, 32, 32, 10, 38, 31, 19, 2, 29, 12, 41, 0, 14, 0, 40, 43, 28, 12, 28, 2, 2, 3, 12, 17, 0, 4, 29, 2, 0, 6, 29, 0, 6, 11, 41, 0, 0, 17, 41, 6, 12, 0, 3, 12, 11, 28, 37, 28, 2, 29, 37, 28, 6, 28, 3, 11, 0.007000, 
46, 29, 27, 2, 26, 29, 11, 15, 29, 26, 36, 11, 15, 27, 9, 41, 41, 5, 29, 11, 19, 45, 19, 33, 6, 15, 20, 6, 29, 29, 28, 28, 45, 21, 41, 36, 2, 45, 36, 26, 29, 29, 30, 26, 6, 19, 27, 19, 26, 11, 2, 10, 0, 10, 40, 35, 25, 0, 39, 35, 1, 39, 42, 14, 37, 34, 35, 42, 14, 38, 40, 12, 17, 7, 37, 35, 35, 10, 10, 37, 40, 40, 40, 14, 18, 42, 0, 10, 38, 42, 8, 25, 37, 14, 39, 8, 42, 42, 17, 39, 8, 24, 4, 23, 16, 24, 32, 1, 13, 3, 44, 22, 31, 23, 4, 4, 22, 16, 44, 32, 7, 23, 4, 32, 18, 43, 13, 18, 12, 31, 13, 13, 44, 31, 18, 31, 32, 24, 16, 12, 23, 24, 22, 4, 23, 24, 22, 7, 22, 22, 12, 0.006433, 
47, 7, 19, 39, 39, 7, 21, 13, 3, 4, 33, 37, 15, 6, 4, 44, 27, 27, 7, 27, 24, 37, 24, 13, 0, 15, 11, 0, 3, 3, 14, 14, 37, 21, 27, 33, 36, 37, 33, 4, 3, 7, 43, 39, 0, 0, 19, 24, 39, 24, 3, 17, 42, 17, 26, 23, 25, 42, 18, 23, 30, 18, 46, 38, 42, 2, 23, 5, 38, 22, 26, 9, 31, 1, 8, 31, 23, 23, 17, 42, 2, 26, 2, 29, 8, 5, 42, 17, 22, 20, 26, 25, 42, 38, 18, 29, 20, 20, 31, 18, 29, 45, 12, 35, 34, 45, 41, 32, 35, 34, 35, 10, 34, 16, 12, 12, 28, 34, 41, 41, 1, 16, 12, 41, 8, 16, 35, 8, 9, 45, 35, 35, 41, 45, 8, 34, 40, 28, 34, 9, 16, 16, 10, 12, 16, 16, 10, 1, 10, 28, 9, 0.009765, 
48, 4, 34, 37, 37, 4, 11, 37, 24, 14, 34, 20, 46, 45, 14, 33, 33, 33, 4, 11, 35, 6, 35, 10, 8, 46, 34, 24, 8, 8, 46, 46, 23, 47, 33, 34, 34, 23, 34, 14, 8, 4, 17, 37, 35, 40, 34, 47, 37, 20, 24, 16, 25, 31, 9, 26, 41, 25, 18, 26, 9, 18, 42, 9, 25, 27, 29, 41, 9, 21, 9, 38, 42, 32, 26, 26, 29, 2, 31, 42, 27, 9, 9, 9, 32, 43, 25, 2, 21, 41, 9, 41, 25, 9, 18, 41, 41, 41, 42, 18, 41, 12, 30, 5, 1, 13, 39, 43, 22, 1, 5, 3, 1, 7, 30, 30, 12, 1, 19, 28, 32, 5, 30, 36, 15, 5, 44, 15, 38, 13, 44, 22, 19, 13, 32, 1, 0, 12, 1, 38, 7, 5, 7, 30, 5, 5, 7, 15, 3, 12, 38, 0.007984, 
49, 41, 42, 42, 46, 41, 14, 46, 3, 26, 42, 6, 46, 42, 26, 36, 36, 7, 41, 14, 47, 4, 47, 16, 17, 46, 42, 38, 22, 22, 46, 42, 4, 18, 36, 42, 42, 6, 42, 26, 3, 41, 26, 26, 10, 14, 42, 47, 46, 47, 3, 13, 20, 13, 40, 30, 37, 20, 1, 30, 40, 1, 0, 44, 20, 27, 30, 37, 32, 45, 40, 25, 48, 5, 20, 30, 30, 13, 13, 20, 23, 23, 23, 48, 9, 37, 20, 13, 45, 0, 40, 37, 20, 32, 1, 0, 0, 0, 20, 1, 0, 28, 11, 43, 35, 31, 33, 19, 2, 8, 39, 35, 35, 31, 11, 34, 28, 35, 15, 29, 5, 31, 12, 33, 25, 31, 43, 25, 25, 35, 43, 2, 21, 35, 9, 24, 2, 28, 35, 25, 31, 31, 31, 11, 31, 31, 31, 5, 35, 28, 9, 0.006756, 
50, 0, 34, 40, 40, 0, 44, 40, 0, 37, 34, 12, 46, 34, 37, 12, 44, 12, 0, 44, 8, 30, 8, 17, 46, 46, 34, 46, 25, 25, 40, 34, 30, 33, 44, 34, 34, 3, 34, 37, 25, 0, 32, 37, 46, 8, 34, 8, 40, 12, 0, 2, 1, 13, 18, 1, 29, 10, 21, 1, 26, 21, 35, 23, 6, 23, 15, 29, 23, 24, 18, 9, 45, 42, 16, 1, 1, 5, 13, 6, 23, 18, 18, 23, 41, 29, 9, 5, 24, 35, 18, 35, 6, 23, 21, 35, 35, 35, 45, 21, 35, 39, 43, 28, 11, 4, 19, 36, 19, 11, 39, 27, 11, 49, 43, 43, 27, 11, 31, 22, 41, 39, 43, 19, 42, 4, 20, 38, 10, 48, 20, 19, 31, 48, 41, 47, 22, 39, 11, 9, 49, 39, 7, 43, 39, 39, 7, 42, 27, 27, 14, 0.010332, 
51, 33, 3, 28, 28, 33, 5, 35, 33, 28, 3, 9, 38, 3, 35, 44, 44, 5, 33, 5, 9, 4, 9, 35, 25, 38, 43, 25, 42, 42, 36, 36, 4, 11, 11, 3, 22, 4, 3, 28, 42, 33, 17, 35, 25, 9, 3, 9, 28, 9, 22, 1, 24, 1, 27, 40, 49, 18, 29, 40, 0, 29, 14, 6, 16, 2, 24, 49, 27, 6, 27, 34, 14, 13, 16, 40, 40, 24, 15, 16, 2, 27, 27, 27, 30, 49, 18, 24, 6, 14, 27, 27, 16, 27, 29, 27, 14, 14, 16, 29, 14, 10, 47, 39, 20, 23, 32, 45, 21, 20, 26, 15, 20, 48, 47, 12, 10, 20, 37, 31, 30, 26, 47, 32, 8, 23, 39, 41, 34, 20, 50, 50, 37, 20, 13, 19, 32, 10, 20, 34, 48, 23, 48, 47, 26, 26, 48, 7, 15, 10, 46, 0.007507, 
52, 21, 3, 37, 51, 21, 4, 37, 21, 15, 35, 4, 50, 7, 15, 42, 43, 4, 21, 4, 26, 48, 26, 37, 1, 50, 18, 1, 48, 48, 51, 18, 48, 10, 10, 35, 3, 19, 35, 15, 21, 21, 15, 37, 31, 26, 3, 26, 51, 4, 21, 5, 46, 5, 30, 32, 33, 0, 27, 17, 11, 45, 39, 30, 23, 8, 40, 33, 9, 14, 30, 6, 16, 25, 23, 41, 17, 20, 38, 23, 30, 30, 30, 9, 25, 33, 0, 5, 14, 39, 11, 11, 23, 9, 27, 9, 39, 39, 41, 27, 39, 2, 24, 49, 34, 36, 44, 11, 49, 22, 28, 12, 34, 13, 24, 24, 2, 34, 29, 44, 14, 13, 24, 44, 6, 36, 49, 6, 6, 22, 49, 49, 29, 36, 25, 25, 44, 2, 34, 6, 13, 36, 13, 24, 28, 2, 13, 25, 12, 2, 47, 0.007156, 
53, 44, 0, 22, 20, 44, 19, 27, 44, 26, 46, 19, 20, 0, 29, 40, 40, 40, 44, 40, 19, 28, 19, 27, 2, 20, 4, 2, 28, 28, 20, 20, 28, 19, 40, 46, 22, 31, 46, 26, 44, 44, 3, 26, 2, 19, 0, 19, 27, 19, 22, 7, 25, 13, 52, 7, 16, 42, 9, 7, 17, 9, 49, 52, 11, 32, 39, 24, 52, 48, 52, 5, 51, 15, 11, 51, 39, 7, 13, 14, 32, 52, 52, 32, 34, 24, 42, 7, 48, 47, 52, 16, 14, 52, 9, 49, 47, 49, 51, 9, 49, 35, 34, 36, 41, 18, 37, 24, 1, 41, 36, 13, 45, 12, 34, 33, 21, 41, 37, 37, 6, 12, 33, 37, 50, 12, 1, 50, 8, 18, 23, 23, 37, 18, 50, 30, 10, 21, 41, 43, 38, 12, 38, 34, 36, 12, 38, 15, 45, 21, 8, 0.011447, 
54, 43, 50, 31, 28, 43, 8, 28, 52, 30, 46, 25, 28, 31, 30, 32, 32, 32, 43, 8, 14, 7, 14, 22, 4, 26, 44, 4, 15, 15, 28, 36, 7, 14, 32, 46, 52, 15, 46, 30, 15, 43, 2, 30, 4, 0, 50, 14, 28, 25, 52, 17, 33, 17, 47, 19, 9, 33, 6, 19, 34, 6, 42, 38, 49, 1, 19, 27, 53, 39, 21, 33, 37, 39, 16, 37, 19, 17, 17, 49, 12, 21, 21, 1, 51, 27, 33, 17, 39, 35, 40, 9, 49, 1, 6, 9, 35, 35, 37, 6, 35, 5, 51, 3, 23, 5, 45, 10, 45, 23, 3, 41, 13, 11, 48, 20, 41, 23, 24, 45, 29, 5, 20, 45, 18, 5, 3, 18, 18, 23, 3, 45, 24, 23, 18, 51, 45, 41, 23, 18, 11, 5, 11, 51, 5, 5, 11, 13, 41, 41, 51, 0.008812, 
55, 36, 25, 4, 4, 36, 42, 4, 36, 10, 37, 42, 27, 25, 10, 18, 34, 42, 36, 42, 5, 9, 5, 28, 49, 27, 13, 41, 36, 36, 27, 13, 9, 34, 34, 37, 31, 18, 37, 10, 36, 36, 26, 4, 41, 5, 25, 5, 4, 42, 31, 12, 17, 54, 1, 32, 50, 7, 21, 39, 43, 21, 14, 33, 19, 20, 17, 22, 33, 38, 1, 16, 33, 8, 19, 53, 17, 29, 54, 14, 6, 6, 6, 33, 8, 22, 44, 48, 38, 50, 1, 50, 19, 33, 21, 50, 50, 50, 53, 3, 50, 52, 46, 2, 51, 52, 30, 15, 24, 40, 2, 0, 51, 0, 35, 35, 52, 51, 23, 30, 45, 2, 35, 30, 11, 2, 24, 11, 16, 51, 24, 24, 23, 51, 8, 51, 30, 52, 51, 16, 0, 52, 0, 46, 2, 52, 0, 11, 0, 52, 16, 0.013566, 
56, 6, 53, 53, 16, 6, 26, 25, 9, 16, 33, 11, 37, 33, 16, 52, 54, 1, 6, 51, 17, 7, 17, 25, 20, 37, 21, 20, 8, 8, 37, 33, 7, 0, 0, 33, 53, 11, 33, 16, 8, 6, 28, 16, 20, 26, 53, 17, 16, 11, 9, 49, 4, 49, 47, 55, 27, 4, 2, 49, 47, 50, 29, 32, 55, 40, 49, 15, 32, 41, 40, 4, 32, 39, 55, 55, 49, 49, 49, 29, 40, 40, 40, 32, 39, 15, 4, 49, 41, 27, 47, 27, 55, 32, 2, 27, 27, 27, 55, 2, 27, 10, 35, 46, 12, 38, 18, 47, 19, 44, 24, 12, 5, 14, 35, 35, 36, 12, 23, 45, 39, 30, 35, 18, 22, 43, 19, 22, 22, 13, 19, 46, 3, 13, 39, 34, 42, 10, 12, 22, 14, 30, 31, 35, 30, 30, 31, 48, 12, 36, 35, 0.011011, 
57, 19, 50, 50, 54, 19, 28, 0, 19, 54, 12, 49, 32, 12, 54, 41, 26, 55, 19, 28, 56, 29, 30, 1, 14, 32, 18, 19, 19, 19, 32, 12, 14, 21, 21, 12, 50, 55, 12, 54, 19, 19, 40, 54, 30, 30, 50, 56, 54, 49, 19, 13, 36, 13, 8, 3, 34, 36, 46, 3, 38, 47, 25, 27, 39, 33, 3, 34, 51, 23, 53, 5, 52, 45, 39, 3, 3, 13, 13, 24, 31, 53, 53, 17, 48, 34, 4, 13, 6, 7, 44, 34, 24, 17, 47, 9, 7, 9, 52, 46, 9, 15, 5, 42, 16, 37, 2, 38, 43, 20, 10, 11, 16, 22, 5, 5, 11, 16, 10, 2, 48, 37, 5, 2, 35, 37, 42, 35, 5, 16, 42, 43, 10, 16, 45, 48, 43, 11, 16, 5, 22, 37, 22, 5, 37, 37, 22, 35, 11, 11, 5, 0.004845, 
58, 27, 45, 6, 13, 27, 43, 6, 27, 47, 45, 43, 36, 45, 47, 22, 35, 43, 27, 22, 3, 20, 3, 7, 12, 36, 45, 12, 40, 40, 55, 55, 20, 43, 35, 45, 54, 24, 45, 47, 27, 54, 47, 6, 12, 3, 55, 3, 6, 43, 27, 4, 26, 4, 52, 9, 21, 57, 34, 53, 52, 34, 23, 5, 42, 19, 26, 21, 37, 1, 11, 32, 56, 1, 42, 14, 26, 53, 10, 42, 38, 48, 48, 37, 33, 21, 57, 41, 1, 23, 52, 44, 42, 37, 34, 37, 23, 23, 56, 34, 37, 39, 29, 50, 30, 8, 18, 44, 25, 8, 46, 28, 17, 2, 29, 29, 31, 30, 46, 18, 1, 2, 29, 18, 0, 51, 50, 0, 32, 8, 16, 25, 46, 8, 33, 49, 25, 31, 30, 32, 2, 2, 28, 29, 15, 2, 28, 17, 28, 31, 32, 0.010741, 
59, 24, 41, 10, 10, 24, 49, 10, 34, 16, 1, 37, 21, 41, 16, 18, 6, 20, 24, 49, 28, 54, 28, 55, 8, 57, 1, 8, 17, 17, 32, 32, 54, 31, 6, 1, 41, 20, 1, 16, 17, 24, 48, 10, 58, 4, 26, 28, 10, 37, 34, 29, 14, 29, 35, 45, 25, 50, 46, 23, 35, 53, 25, 2, 43, 52, 14, 3, 19, 7, 2, 56, 40, 51, 33, 14, 14, 23, 45, 25, 2, 2, 2, 19, 51, 3, 50, 23, 7, 13, 35, 13, 43, 19, 46, 13, 13, 13, 40, 46, 13, 11, 5, 38, 12, 12, 22, 27, 44, 12, 39, 42, 36, 9, 5, 5, 42, 12, 22, 22, 51, 39, 5, 22, 30, 39, 47, 30, 56, 12, 47, 44, 22, 12, 51, 36, 44, 15, 12, 56, 9, 11, 0, 5, 39, 11, 0, 30, 42, 15, 56, 0.006522, 
60, 54, 49, 29, 29, 54, 35, 48, 54, 43, 23, 34, 51, 38, 5, 40, 40, 34, 54, 35, 34, 36, 34, 9, 25, 51, 23, 25, 50, 50, 29, 23, 36, 19, 19, 23, 8, 50, 23, 5, 54, 54, 0, 5, 25, 35, 49, 34, 29, 34, 54, 7, 39, 12, 18, 11, 47, 39, 6, 11, 18, 6, 14, 57, 2, 41, 11, 10, 28, 15, 18, 26, 28, 33, 2, 2, 11, 11, 16, 2, 41, 18, 18, 28, 33, 10, 52, 11, 15, 31, 18, 37, 2, 28, 6, 28, 14, 14, 2, 6, 28, 53, 27, 20, 4, 22, 21, 3, 20, 45, 1, 32, 58, 59, 27, 27, 30, 4, 44, 17, 46, 59, 27, 21, 56, 59, 20, 56, 26, 22, 42, 20, 44, 22, 33, 45, 13, 53, 4, 26, 59, 24, 32, 27, 59, 24, 55, 56, 55, 53, 26, 0.010706, 
61, 60, 35, 34, 10, 51, 4, 19, 20, 25, 35, 42, 11, 35, 25, 48, 48, 12, 60, 44, 18, 58, 18, 13, 47, 11, 35, 47, 20, 20, 10, 35, 58, 31, 48, 35, 17, 12, 35, 25, 20, 22, 25, 19, 47, 41, 35, 31, 19, 42, 20, 27, 23, 27, 3, 55, 45, 28, 59, 55, 3, 59, 45, 39, 26, 3, 23, 45, 6, 39, 3, 37, 21, 15, 26, 21, 23, 9, 2, 36, 3, 3, 3, 6, 32, 45, 28, 2, 39, 6, 3, 6, 36, 6, 59, 6, 6, 6, 21, 59, 6, 38, 43, 7, 30, 24, 0, 40, 16, 24, 1, 53, 49, 57, 43, 56, 33, 14, 29, 0, 8, 1, 43, 0, 52, 1, 7, 52, 52, 24, 7, 16, 29, 24, 15, 5, 16, 38, 50, 52, 57, 46, 33, 43, 1, 46, 33, 49, 54, 38, 37, 0.008329, 
62, 41, 12, 39, 13, 41, 27, 39, 51, 3, 2, 23, 51, 12, 60, 11, 11, 28, 41, 27, 56, 37, 56, 59, 52, 52, 2, 52, 41, 41, 13, 2, 37, 23, 28, 2, 59, 37, 2, 3, 51, 18, 31, 3, 52, 8, 12, 56, 39, 23, 51, 15, 46, 15, 57, 53, 9, 5, 47, 46, 57, 26, 17, 6, 30, 45, 48, 38, 0, 44, 57, 22, 16, 25, 30, 21, 46, 49, 33, 17, 54, 57, 57, 16, 19, 38, 5, 49, 44, 29, 57, 9, 30, 16, 47, 10, 29, 29, 21, 47, 10, 20, 36, 24, 35, 58, 42, 34, 50, 1, 24, 33, 35, 14, 4, 40, 14, 35, 7, 42, 19, 24, 4, 42, 25, 43, 61, 25, 55, 35, 61, 50, 7, 58, 19, 19, 42, 20, 35, 22, 14, 58, 32, 36, 24, 20, 14, 25, 33, 20, 55, 0.007253, 
63, 58, 3, 14, 14, 58, 41, 17, 29, 9, 3, 7, 44, 3, 9, 62, 39, 62, 42, 62, 36, 7, 36, 17, 44, 12, 3, 44, 7, 22, 14, 3, 7, 62, 39, 3, 47, 22, 3, 9, 29, 55, 49, 9, 27, 41, 14, 36, 14, 7, 29, 51, 15, 51, 0, 15, 1, 26, 5, 15, 0, 5, 45, 11, 4, 53, 15, 56, 61, 46, 0, 10, 48, 28, 4, 15, 15, 51, 51, 45, 2, 0, 2, 48, 35, 56, 10, 51, 46, 43, 0, 16, 4, 48, 5, 61, 43, 43, 4, 5, 61, 30, 57, 59, 33, 23, 6, 13, 20, 31, 40, 52, 21, 19, 57, 34, 52, 33, 54, 6, 50, 59, 57, 6, 38, 59, 20, 60, 26, 31, 20, 20, 54, 31, 28, 18, 40, 24, 33, 26, 19, 23, 37, 57, 59, 23, 25, 8, 21, 24, 32, 0.008691, 
64, 26, 47, 27, 27, 26, 35, 27, 6, 42, 31, 26, 57, 47, 42, 62, 62, 62, 26, 35, 26, 3, 26, 20, 6, 57, 53, 6, 3, 3, 57, 31, 3, 44, 62, 31, 20, 3, 31, 42, 3, 20, 15, 27, 6, 63, 50, 26, 27, 26, 20, 45, 60, 56, 32, 55, 14, 60, 40, 55, 33, 40, 19, 12, 0, 43, 55, 2, 43, 51, 12, 8, 58, 9, 0, 38, 55, 56, 61, 0, 12, 12, 12, 43, 39, 2, 60, 56, 51, 19, 32, 37, 0, 43, 40, 37, 19, 19, 16, 40, 19, 46, 11, 13, 52, 22, 7, 33, 29, 10, 24, 41, 17, 1, 11, 34, 25, 52, 49, 7, 4, 30, 11, 7, 5, 48, 54, 5, 8, 22, 18, 29, 49, 22, 9, 39, 36, 23, 59, 8, 1, 21, 28, 11, 30, 21, 28, 5, 17, 23, 8, 0.007607, 
65, 46, 51, 19, 58, 46, 28, 59, 50, 54, 36, 57, 61, 51, 37, 8, 40, 8, 27, 8, 57, 60, 57, 10, 2, 4, 23, 2, 50, 50, 1, 6, 60, 57, 40, 36, 42, 38, 36, 39, 50, 27, 13, 39, 2, 28, 51, 57, 59, 57, 42, 64, 44, 64, 9, 43, 56, 44, 62, 43, 11, 30, 26, 15, 3, 0, 43, 56, 52, 33, 9, 17, 16, 47, 31, 41, 43, 64, 64, 26, 12, 9, 9, 52, 35, 56, 17, 64, 33, 52, 9, 63, 3, 52, 62, 63, 52, 52, 41, 53, 52, 7, 35, 20, 55, 49, 34, 11, 20, 45, 14, 25, 48, 29, 18, 18, 32, 55, 14, 34, 33, 22, 35, 34, 47, 29, 20, 47, 24, 48, 20, 20, 14, 48, 47, 5, 34, 32, 21, 24, 29, 22, 25, 35, 22, 22, 25, 47, 25, 32, 35, 0.012898, 
66, 49, 34, 18, 56, 49, 46, 18, 49, 47, 37, 7, 20, 34, 47, 43, 25, 1, 49, 46, 61, 40, 61, 52, 16, 35, 23, 16, 49, 49, 20, 3, 40, 22, 25, 37, 10, 40, 37, 47, 49, 49, 9, 18, 16, 22, 21, 22, 18, 7, 10, 13, 33, 13, 12, 19, 0, 45, 44, 19, 12, 44, 8, 30, 38, 28, 6, 0, 28, 29, 12, 24, 65, 29, 48, 58, 6, 15, 13, 4, 12, 12, 12, 28, 62, 0, 57, 11, 29, 8, 12, 0, 38, 28, 44, 8, 8, 8, 58, 44, 8, 36, 62, 51, 2, 59, 27, 64, 51, 59, 36, 32, 17, 39, 55, 26, 5, 2, 63, 50, 29, 60, 42, 50, 14, 60, 51, 14, 53, 59, 51, 51, 63, 59, 14, 17, 27, 5, 2, 54, 39, 60, 31, 62, 36, 36, 31, 41, 32, 5, 53, 0.007319, 
67, 36, 39, 16, 16, 36, 12, 11, 47, 45, 40, 50, 7, 39, 45, 57, 57, 50, 36, 12, 51, 64, 51, 11, 9, 7, 44, 4, 42, 42, 31, 31, 64, 54, 57, 40, 34, 49, 40, 45, 60, 36, 37, 45, 63, 54, 39, 54, 16, 50, 34, 33, 20, 6, 26, 65, 56, 20, 13, 65, 26, 62, 28, 35, 66, 38, 65, 61, 29, 0, 27, 55, 52, 5, 66, 2, 65, 65, 59, 66, 27, 27, 27, 29, 5, 61, 55, 58, 0, 1, 26, 56, 66, 29, 13, 24, 24, 24, 2, 13, 24, 15, 43, 14, 10, 18, 41, 21, 3, 53, 32, 17, 25, 22, 43, 46, 19, 10, 8, 41, 5, 48, 46, 41, 25, 23, 14, 25, 55, 18, 14, 3, 8, 18, 5, 5, 3, 30, 10, 55, 22, 48, 22, 43, 48, 48, 22, 25, 17, 19, 43, 0.012768, 
68, 47, 7, 41, 41, 47, 29, 41, 44, 9, 7, 4, 13, 7, 48, 28, 40, 57, 47, 29, 21, 56, 61, 49, 3, 13, 22, 3, 4, 44, 13, 7, 56, 28, 28, 7, 44, 17, 7, 9, 44, 47, 55, 48, 3, 37, 7, 21, 41, 4, 44, 33, 0, 34, 35, 43, 67, 0, 39, 20, 65, 62, 64, 18, 42, 1, 26, 67, 15, 63, 10, 66, 2, 14, 42, 2, 26, 59, 34, 64, 8, 36, 36, 15, 14, 67, 12, 34, 63, 11, 10, 67, 42, 15, 62, 23, 6, 6, 2, 39, 23, 30, 60, 24, 58, 46, 19, 65, 27, 58, 24, 31, 31, 25, 54, 60, 53, 58, 45, 19, 14, 46, 60, 19, 51, 46, 27, 38, 38, 58, 52, 27, 45, 58, 14, 58, 19, 16, 58, 32, 25, 46, 5, 60, 46, 46, 50, 51, 31, 16, 38, 0.011774, 
69, 14, 23, 56, 28, 14, 50, 9, 8, 17, 48, 39, 45, 23, 3, 30, 5, 46, 14, 50, 24, 39, 24, 9, 8, 45, 29, 8, 39, 14, 28, 29, 39, 12, 30, 48, 21, 39, 48, 17, 8, 14, 53, 3, 33, 15, 23, 24, 28, 39, 21, 61, 58, 61, 59, 34, 60, 58, 11, 34, 0, 38, 31, 66, 4, 43, 44, 68, 51, 64, 22, 41, 57, 63, 4, 47, 44, 13, 67, 31, 43, 22, 22, 51, 25, 68, 41, 36, 64, 62, 59, 37, 4, 51, 38, 37, 16, 49, 32, 11, 49, 7, 6, 10, 1, 7, 20, 27, 54, 42, 10, 35, 35, 52, 6, 26, 2, 1, 65, 20, 63, 40, 26, 20, 19, 40, 18, 19, 25, 55, 18, 54, 65, 55, 25, 42, 54, 2, 1, 41, 52, 40, 52, 6, 40, 40, 52, 19, 35, 2, 6, 0.007680, 
70, 59, 4, 65, 11, 59, 42, 65, 15, 53, 60, 42, 57, 48, 27, 6, 6, 6, 59, 42, 44, 63, 44, 10, 62, 57, 29, 41, 15, 15, 11, 11, 63, 52, 52, 60, 18, 0, 60, 53, 15, 59, 54, 53, 25, 33, 4, 9, 65, 42, 15, 66, 46, 66, 16, 36, 8, 3, 26, 36, 16, 26, 8, 37, 32, 35, 46, 8, 43, 12, 35, 23, 19, 31, 32, 2, 46, 36, 38, 8, 35, 35, 35, 37, 51, 68, 23, 46, 12, 49, 16, 49, 32, 37, 26, 49, 49, 49, 2, 26, 49, 67, 51, 34, 69, 1, 22, 68, 45, 58, 50, 38, 69, 30, 20, 17, 61, 64, 55, 24, 39, 50, 17, 22, 28, 50, 40, 28, 47, 5, 40, 45, 55, 5, 28, 13, 56, 7, 64, 47, 14, 30, 21, 51, 50, 50, 21, 31, 38, 61, 47, 0.010430, 
71, 26, 24, 12, 12, 26, 29, 58, 17, 56, 28, 65, 6, 24, 57, 66, 5, 45, 26, 29, 25, 11, 25, 58, 4, 51, 28, 4, 13, 13, 6, 6, 55, 61, 61, 28, 37, 49, 28, 57, 17, 26, 70, 57, 4, 29, 24, 25, 12, 65, 37, 63, 39, 63, 46, 43, 33, 39, 47, 43, 7, 47, 27, 62, 8, 53, 43, 1, 0, 31, 0, 34, 54, 19, 8, 43, 43, 63, 59, 15, 32, 46, 32, 54, 40, 1, 23, 63, 62, 27, 46, 33, 15, 0, 47, 3, 27, 27, 15, 68, 3, 64, 20, 9, 69, 2, 52, 1, 38, 44, 18, 48, 48, 21, 10, 50, 48, 69, 60, 41, 31, 14, 20, 52, 30, 16, 38, 30, 42, 2, 38, 9, 60, 2, 19, 35, 22, 67, 69, 42, 21, 14, 21, 20, 14, 14, 21, 30, 48, 67, 36, 0.005890, 
72, 31, 62, 43, 43, 31, 55, 43, 16, 34, 17, 25, 60, 62, 20, 71, 27, 18, 31, 55, 26, 24, 14, 9, 16, 60, 17, 16, 22, 22, 29, 29, 24, 71, 71, 17, 9, 28, 17, 34, 22, 31, 42, 34, 14, 14, 62, 26, 43, 44, 16, 50, 7, 50, 65, 66, 23, 7, 30, 66, 65, 40, 8, 52, 49, 4, 7, 23, 67, 46, 52, 39, 47, 32, 49, 47, 7, 50, 19, 49, 4, 52, 52, 67, 45, 15, 64, 50, 36, 61, 65, 6, 49, 67, 30, 6, 13, 13, 47, 70, 13, 59, 45, 35, 0, 10, 58, 1, 41, 12, 38, 3, 68, 21, 45, 53, 3, 51, 2, 58, 32, 48, 69, 58, 54, 63, 56, 54, 39, 5, 56, 41, 2, 5, 32, 33, 11, 59, 51, 39, 21, 48, 57, 45, 48, 48, 57, 54, 37, 59, 45, 0.008427, 
73, 58, 34, 46, 16, 58, 17, 16, 4, 21, 45, 37, 4, 34, 21, 27, 5, 42, 58, 17, 44, 14, 44, 60, 62, 24, 28, 4, 31, 31, 16, 34, 14, 59, 5, 45, 41, 39, 45, 21, 31, 22, 40, 16, 62, 10, 46, 10, 16, 37, 29, 72, 64, 6, 33, 20, 7, 64, 15, 20, 50, 15, 0, 13, 63, 8, 20, 71, 8, 65, 30, 55, 8, 47, 63, 3, 20, 11, 6, 12, 2, 30, 30, 8, 47, 71, 43, 11, 65, 0, 33, 36, 12, 8, 15, 36, 35, 0, 3, 15, 0, 49, 70, 19, 53, 48, 51, 38, 61, 1, 32, 23, 57, 68, 70, 70, 9, 53, 25, 54, 47, 52, 70, 51, 26, 52, 19, 26, 26, 18, 61, 61, 25, 18, 47, 57, 54, 66, 53, 55, 68, 52, 67, 70, 52, 52, 67, 47, 23, 66, 56, 0.009340, 
74, 9, 53, 11, 23, 46, 37, 11, 71, 11, 31, 13, 36, 53, 11, 8, 15, 39, 50, 37, 60, 59, 60, 66, 69, 36, 31, 69, 9, 9, 23, 23, 59, 33, 61, 31, 53, 10, 31, 11, 71, 50, 57, 11, 34, 60, 53, 60, 11, 13, 71, 5, 70, 5, 51, 49, 68, 2, 55, 41, 1, 55, 0, 44, 16, 28, 41, 68, 25, 54, 51, 3, 44, 27, 16, 58, 41, 21, 67, 16, 7, 51, 51, 44, 27, 68, 18, 19, 54, 0, 47, 35, 16, 44, 55, 47, 0, 0, 58, 55, 0, 29, 4, 12, 62, 29, 72, 65, 72, 24, 12, 26, 32, 30, 20, 22, 17, 62, 73, 72, 43, 40, 22, 72, 52, 42, 12, 63, 48, 38, 12, 72, 73, 38, 27, 64, 72, 17, 14, 48, 30, 40, 30, 4, 40, 40, 30, 6, 26, 17, 56, 0.012585, 
75, 33, 42, 72, 49, 33, 13, 15, 65, 49, 50, 68, 9, 42, 51, 0, 0, 68, 33, 13, 56, 48, 56, 15, 60, 9, 50, 60, 2, 2, 9, 50, 19, 56, 0, 50, 10, 68, 50, 49, 65, 33, 45, 72, 60, 67, 42, 56, 72, 56, 18, 16, 58, 4, 54, 57, 27, 64, 3, 57, 40, 34, 32, 70, 64, 61, 58, 27, 41, 5, 54, 44, 61, 37, 64, 8, 58, 31, 4, 64, 66, 47, 47, 61, 36, 27, 64, 4, 5, 71, 54, 7, 64, 61, 3, 14, 52, 52, 8, 28, 29, 38, 63, 17, 21, 59, 12, 26, 22, 35, 17, 6, 55, 25, 43, 63, 30, 21, 74, 12, 11, 39, 63, 12, 46, 39, 69, 46, 44, 59, 69, 22, 74, 59, 62, 36, 1, 73, 23, 44, 20, 25, 20, 63, 39, 39, 24, 53, 24, 73, 44, 0.008450, 
76, 68, 12, 43, 30, 68, 62, 43, 70, 49, 72, 31, 25, 5, 6, 64, 32, 32, 68, 38, 10, 54, 10, 48, 42, 25, 0, 11, 70, 70, 36, 13, 8, 32, 32, 72, 44, 67, 72, 6, 70, 68, 47, 6, 11, 62, 12, 10, 43, 31, 44, 41, 59, 41, 1, 74, 15, 56, 60, 74, 1, 40, 65, 53, 71, 37, 59, 15, 21, 73, 1, 26, 50, 34, 71, 59, 59, 29, 41, 65, 24, 1, 40, 33, 9, 15, 56, 41, 73, 23, 1, 18, 57, 33, 60, 55, 23, 55, 57, 60, 55, 75, 63, 66, 39, 51, 16, 35, 66, 45, 7, 46, 58, 3, 19, 27, 61, 39, 17, 16, 20, 2, 27, 16, 4, 2, 66, 52, 26, 51, 66, 66, 17, 51, 9, 14, 28, 75, 39, 26, 3, 2, 22, 63, 2, 2, 61, 4, 46, 46, 26, 0.009728, 
77, 6, 10, 60, 59, 6, 26, 42, 55, 63, 69, 72, 1, 48, 63, 33, 33, 37, 70, 26, 57, 4, 57, 42, 19, 73, 46, 19, 45, 45, 59, 5, 4, 72, 37, 69, 22, 51, 69, 63, 55, 70, 43, 63, 54, 26, 10, 57, 59, 72, 55, 31, 23, 31, 50, 7, 29, 23, 74, 40, 34, 61, 0, 52, 44, 27, 40, 29, 38, 12, 3, 66, 38, 9, 44, 7, 40, 31, 25, 65, 17, 3, 28, 38, 39, 29, 66, 40, 2, 16, 50, 35, 58, 38, 74, 35, 0, 0, 7, 14, 0, 36, 18, 64, 53, 24, 30, 34, 56, 11, 15, 25, 20, 13, 75, 68, 71, 53, 62, 76, 9, 41, 68, 30, 47, 49, 56, 47, 67, 21, 56, 64, 62, 21, 39, 39, 64, 71, 53, 67, 13, 8, 13, 18, 41, 8, 13, 32, 25, 71, 67, 0.011160, 
78, 15, 30, 28, 28, 31, 72, 28, 66, 18, 61, 76, 66, 62, 5, 50, 42, 49, 15, 13, 51, 67, 51, 40, 44, 7, 61, 19, 8, 8, 28, 61, 67, 32, 42, 61, 39, 67, 61, 18, 8, 15, 56, 28, 41, 2, 30, 51, 28, 76, 39, 65, 4, 65, 74, 24, 10, 48, 20, 24, 70, 38, 27, 73, 1, 52, 55, 26, 73, 43, 46, 59, 35, 23, 1, 16, 77, 12, 65, 1, 33, 45, 45, 73, 36, 26, 59, 11, 43, 60, 25, 69, 1, 73, 20, 69, 60, 14, 16, 20, 14, 37, 47, 34, 3, 75, 29, 68, 64, 53, 63, 3, 3, 0, 71, 58, 9, 3, 29, 29, 36, 22, 57, 29, 23, 6, 34, 23, 17, 75, 34, 64, 29, 75, 23, 36, 21, 9, 3, 17, 54, 0, 54, 47, 22, 37, 54, 23, 3, 9, 47, 0.008917, 
79, 64, 13, 58, 5, 29, 47, 20, 12, 4, 44, 68, 21, 13, 4, 61, 15, 40, 64, 47, 57, 10, 42, 55, 18, 78, 34, 18, 60, 48, 31, 31, 10, 71, 15, 44, 13, 1, 44, 4, 12, 64, 54, 4, 59, 71, 13, 71, 5, 0, 12, 74, 41, 7, 3, 32, 50, 41, 62, 24, 3, 8, 43, 45, 46, 66, 56, 36, 69, 49, 23, 67, 14, 63, 46, 56, 56, 17, 7, 46, 9, 23, 9, 28, 30, 36, 41, 27, 49, 65, 3, 50, 46, 28, 75, 53, 65, 65, 14, 33, 53, 73, 19, 16, 70, 6, 37, 36, 38, 2, 11, 26, 72, 25, 19, 19, 22, 70, 77, 37, 52, 25, 19, 37, 63, 39, 16, 63, 51, 35, 16, 38, 77, 35, 30, 70, 76, 22, 70, 67, 25, 25, 26, 19, 25, 73, 26, 63, 72, 22, 51, 0.019864, 
80, 66, 29, 78, 78, 46, 10, 34, 66, 49, 13, 4, 38, 29, 26, 55, 14, 47, 66, 69, 73, 8, 73, 77, 9, 38, 12, 9, 57, 57, 3, 3, 8, 63, 21, 13, 42, 4, 13, 26, 57, 66, 37, 26, 17, 5, 29, 5, 78, 4, 42, 2, 50, 2, 45, 72, 25, 50, 58, 72, 45, 64, 60, 7, 23, 75, 43, 27, 24, 35, 45, 59, 20, 70, 23, 28, 43, 2, 1, 60, 36, 36, 36, 24, 22, 27, 50, 2, 79, 41, 45, 25, 23, 24, 58, 62, 18, 19, 28, 33, 62, 53, 39, 65, 40, 30, 15, 32, 15, 16, 74, 1, 16, 0, 54, 31, 67, 40, 52, 48, 71, 56, 39, 48, 6, 56, 65, 6, 68, 51, 65, 15, 52, 51, 11, 16, 76, 61, 44, 68, 0, 56, 0, 39, 56, 56, 0, 6, 1, 67, 68, 0.009288, 
81, 66, 51, 41, 41, 66, 23, 41, 70, 5, 67, 40, 71, 9, 65, 55, 69, 68, 8, 7, 29, 73, 52, 18, 64, 71, 31, 64, 77, 77, 38, 38, 37, 60, 60, 67, 28, 78, 67, 5, 70, 30, 32, 57, 64, 54, 3, 72, 41, 40, 46, 75, 19, 75, 35, 34, 0, 2, 80, 34, 35, 44, 26, 21, 48, 4, 79, 0, 76, 10, 76, 61, 15, 47, 49, 19, 19, 34, 63, 26, 4, 44, 44, 76, 50, 0, 2, 36, 10, 12, 35, 16, 48, 76, 80, 16, 12, 53, 15, 80, 53, 27, 50, 6, 1, 62, 22, 35, 13, 45, 27, 58, 1, 33, 43, 56, 39, 58, 24, 11, 59, 27, 43, 25, 47, 33, 20, 61, 61, 45, 14, 13, 24, 45, 47, 1, 17, 39, 58, 61, 74, 27, 74, 50, 27, 27, 74, 47, 58, 39, 42, 0.016064, 
82, 76, 25, 8, 28, 76, 35, 8, 48, 47, 55, 41, 44, 25, 45, 66, 61, 35, 76, 35, 71, 72, 71, 8, 5, 15, 27, 5, 38, 38, 28, 28, 72, 61, 61, 55, 67, 38, 55, 47, 48, 76, 18, 63, 5, 73, 69, 71, 8, 41, 48, 17, 52, 17, 78, 9, 75, 52, 7, 37, 36, 81, 12, 74, 21, 29, 59, 75, 1, 20, 58, 64, 60, 26, 62, 42, 59, 14, 17, 21, 54, 58, 58, 1, 34, 75, 24, 17, 2, 53, 36, 30, 21, 1, 7, 57, 53, 53, 60, 7, 46, 22, 34, 80, 11, 56, 32, 19, 65, 3, 77, 10, 39, 68, 34, 0, 10, 6, 43, 32, 79, 80, 16, 32, 31, 40, 4, 31, 49, 70, 4, 65, 43, 70, 26, 13, 23, 22, 6, 33, 50, 51, 10, 34, 80, 51, 10, 39, 6, 51, 49, 0.012270, 
83, 2, 51, 40, 41, 2, 19, 25, 10, 52, 36, 56, 10, 51, 55, 74, 22, 80, 2, 19, 68, 8, 68, 11, 30, 1, 44, 30, 2, 2, 36, 36, 50, 72, 22, 36, 40, 73, 36, 52, 10, 53, 18, 55, 30, 35, 51, 35, 41, 56, 10, 7, 38, 7, 54, 6, 49, 38, 4, 6, 15, 4, 9, 57, 17, 39, 34, 37, 3, 29, 3, 82, 69, 43, 5, 69, 34, 70, 28, 9, 59, 54, 59, 21, 23, 37, 71, 64, 29, 62, 54, 49, 42, 3, 4, 14, 79, 79, 69, 4, 67, 16, 66, 78, 58, 0, 75, 37, 20, 32, 13, 47, 31, 76, 63, 27, 47, 58, 12, 75, 77, 24, 63, 75, 48, 24, 45, 48, 46, 0, 60, 20, 12, 0, 23, 23, 33, 65, 58, 46, 26, 24, 61, 66, 81, 81, 61, 48, 31, 65, 46, 0.006952, 
84, 26, 56, 67, 67, 26, 11, 12, 81, 36, 77, 46, 66, 56, 35, 31, 2, 46, 26, 24, 50, 75, 50, 28, 6, 9, 16, 79, 82, 78, 14, 14, 75, 46, 2, 77, 72, 37, 77, 35, 81, 26, 42, 35, 34, 11, 39, 50, 67, 46, 18, 43, 59, 43, 22, 33, 51, 59, 73, 33, 30, 29, 19, 48, 64, 60, 1, 51, 17, 49, 5, 74, 8, 52, 64, 21, 32, 45, 40, 64, 15, 5, 23, 17, 65, 51, 59, 43, 49, 25, 61, 20, 64, 17, 73, 4, 10, 10, 21, 63, 4, 57, 27, 47, 80, 3, 76, 30, 47, 80, 70, 40, 80, 69, 71, 62, 54, 80, 83, 76, 13, 0, 55, 76, 38, 0, 47, 38, 44, 7, 47, 47, 83, 7, 52, 53, 76, 54, 80, 74, 68, 69, 68, 27, 0, 57, 68, 38, 40, 54, 58, 0.009700, 
85, 7, 21, 10, 10, 7, 76, 63, 30, 62, 21, 45, 8, 60, 62, 42, 18, 42, 7, 76, 68, 51, 68, 82, 47, 43, 21, 47, 31, 40, 1, 1, 75, 83, 83, 21, 56, 75, 21, 62, 30, 16, 41, 48, 67, 14, 21, 68, 10, 45, 71, 23, 35, 59, 26, 81, 44, 35, 39, 64, 29, 13, 72, 37, 4, 24, 64, 44, 37, 54, 46, 0, 24, 33, 65, 5, 64, 53, 32, 72, 46, 46, 46, 24, 33, 44, 35, 80, 54, 2, 26, 25, 77, 24, 39, 11, 2, 11, 5, 12, 11, 15, 84, 27, 52, 57, 49, 50, 55, 19, 20, 22, 34, 70, 84, 84, 6, 52, 69, 49, 54, 27, 84, 49, 3, 38, 61, 3, 0, 78, 61, 66, 69, 78, 33, 33, 36, 73, 17, 0, 70, 28, 58, 84, 27, 9, 58, 74, 34, 79, 0, 0.009406, 
86, 50, 57, 54, 46, 50, 80, 54, 58, 68, 76, 80, 21, 2, 70, 17, 17, 47, 50, 80, 59, 7, 43, 72, 65, 21, 41, 65, 19, 19, 71, 66, 31, 37, 17, 76, 57, 69, 76, 68, 19, 10, 3, 49, 65, 39, 57, 36, 54, 80, 58, 60, 77, 60, 8, 26, 42, 9, 75, 26, 5, 75, 38, 33, 48, 11, 77, 42, 84, 78, 18, 85, 82, 13, 48, 26, 26, 32, 63, 9, 62, 53, 20, 74, 13, 42, 85, 77, 78, 30, 8, 24, 9, 74, 75, 12, 28, 55, 82, 64, 12, 16, 35, 44, 4, 14, 73, 5, 83, 14, 61, 23, 23, 51, 27, 40, 23, 56, 29, 73, 78, 52, 35, 73, 81, 45, 6, 81, 25, 14, 6, 83, 34, 14, 13, 15, 67, 16, 1, 25, 51, 52, 0, 35, 52, 52, 0, 81, 23, 16, 25, 0.005327, 
87, 86, 42, 55, 33, 36, 72, 0, 50, 40, 76, 72, 50, 42, 40, 75, 25, 80, 86, 72, 27, 74, 52, 79, 54, 43, 37, 8, 86, 86, 33, 14, 74, 10, 25, 76, 19, 61, 76, 40, 50, 86, 11, 40, 8, 47, 42, 82, 33, 72, 50, 63, 30, 4, 15, 56, 67, 30, 78, 26, 17, 78, 35, 5, 62, 57, 26, 20, 24, 85, 32, 64, 83, 59, 62, 26, 26, 73, 77, 84, 29, 6, 6, 5, 65, 20, 22, 73, 85, 28, 2, 81, 69, 5, 78, 39, 28, 39, 83, 46, 39, 23, 45, 13, 31, 66, 1, 51, 58, 70, 7, 44, 9, 49, 45, 12, 44, 31, 53, 1, 18, 3, 12, 1, 68, 71, 16, 68, 64, 60, 16, 58, 53, 34, 65, 65, 21, 38, 31, 64, 49, 41, 49, 45, 3, 41, 49, 48, 9, 38, 64, 0.007409, 
88, 13, 87, 21, 72, 13, 58, 5, 64, 31, 71, 8, 72, 87, 31, 12, 12, 8, 68, 66, 60, 47, 18, 5, 43, 39, 46, 43, 81, 81, 72, 82, 47, 10, 10, 71, 87, 62, 71, 31, 26, 68, 1, 31, 43, 77, 2, 60, 21, 8, 64, 75, 37, 75, 48, 40, 79, 37, 0, 56, 9, 29, 65, 25, 55, 78, 56, 79, 70, 51, 48, 83, 3, 57, 55, 11, 56, 40, 75, 55, 33, 74, 74, 32, 16, 79, 52, 75, 22, 76, 48, 86, 55, 32, 29, 30, 65, 65, 11, 0, 7, 14, 61, 28, 42, 63, 67, 23, 69, 49, 27, 84, 20, 34, 41, 73, 15, 42, 59, 35, 4, 6, 73, 67, 54, 6, 28, 54, 19, 63, 44, 69, 59, 63, 36, 38, 80, 53, 42, 83, 45, 17, 24, 61, 50, 17, 24, 54, 85, 53, 19, 0.007948, 
89, 60, 4, 2, 18, 15, 46, 54, 12, 65, 4, 55, 18, 4, 27, 57, 0, 58, 26, 78, 19, 14, 19, 54, 33, 80, 72, 33, 63, 63, 18, 44, 14, 75, 75, 4, 41, 6, 4, 65, 12, 37, 73, 65, 87, 59, 25, 10, 2, 55, 81, 13, 67, 13, 76, 83, 40, 67, 88, 83, 29, 35, 43, 28, 49, 77, 71, 34, 30, 66, 76, 38, 30, 84, 49, 24, 24, 83, 8, 23, 1, 79, 79, 30, 39, 34, 11, 85, 66, 86, 76, 40, 49, 30, 88, 48, 86, 86, 49, 50, 48, 56, 64, 3, 61, 56, 74, 82, 74, 36, 62, 22, 69, 53, 16, 47, 22, 20, 68, 45, 42, 70, 16, 31, 7, 70, 32, 7, 52, 17, 32, 3, 68, 17, 39, 21, 9, 5, 20, 38, 51, 53, 51, 64, 70, 53, 51, 7, 69, 5, 52, 0.010096, 
90, 57, 5, 76, 79, 9, 61, 58, 30, 4, 19, 33, 64, 5, 66, 48, 68, 23, 32, 69, 25, 77, 25, 58, 26, 64, 8, 26, 30, 30, 79, 5, 20, 46, 46, 19, 42, 41, 19, 4, 30, 38, 3, 10, 71, 55, 76, 65, 79, 33, 88, 86, 70, 74, 62, 86, 56, 70, 72, 86, 16, 45, 73, 60, 39, 36, 87, 34, 40, 37, 49, 13, 63, 37, 44, 87, 87, 86, 74, 67, 0, 49, 0, 40, 35, 34, 13, 86, 37, 52, 62, 56, 1, 40, 72, 56, 52, 52, 63, 80, 52, 17, 47, 2, 12, 24, 18, 34, 6, 84, 82, 29, 50, 85, 83, 81, 89, 12, 11, 15, 22, 78, 47, 18, 54, 75, 51, 54, 43, 7, 14, 6, 11, 7, 28, 27, 31, 89, 12, 53, 85, 78, 85, 47, 78, 78, 85, 54, 50, 89, 59, 0.012174, 
91, 39, 17, 36, 5, 49, 80, 12, 68, 77, 81, 38, 18, 17, 43, 9, 9, 48, 39, 80, 48, 15, 48, 12, 71, 18, 22, 1, 39, 39, 42, 42, 15, 90, 90, 81, 89, 38, 81, 77, 68, 31, 55, 77, 1, 83, 36, 83, 5, 48, 63, 57, 61, 27, 4, 60, 35, 52, 14, 60, 2, 14, 64, 19, 28, 24, 61, 40, 79, 84, 29, 7, 23, 30, 51, 60, 61, 45, 72, 64, 21, 29, 86, 79, 73, 40, 52, 27, 3, 78, 8, 35, 28, 79, 14, 66, 78, 78, 23, 70, 78, 54, 44, 0, 65, 75, 16, 40, 16, 26, 50, 74, 82, 32, 13, 41, 25, 65, 58, 62, 20, 67, 41, 62, 11, 59, 0, 33, 7, 76, 0, 0, 56, 76, 88, 53, 6, 54, 87, 7, 32, 85, 69, 44, 10, 37, 69, 34, 74, 47, 7, 0.014896, 
92, 72, 88, 6, 13, 62, 74, 17, 31, 12, 22, 69, 3, 88, 78, 10, 10, 10, 72, 75, 42, 82, 42, 4, 51, 61, 1, 2, 91, 91, 47, 47, 82, 77, 10, 22, 14, 7, 22, 27, 31, 38, 68, 80, 59, 48, 88, 77, 17, 58, 40, 85, 39, 85, 41, 20, 29, 39, 33, 20, 43, 33, 35, 16, 30, 89, 28, 29, 16, 46, 41, 36, 50, 46, 30, 53, 28, 64, 71, 30, 89, 41, 41, 16, 49, 29, 90, 28, 46, 5, 41, 70, 30, 16, 33, 70, 83, 54, 53, 33, 54, 19, 0, 65, 32, 84, 45, 25, 63, 34, 87, 52, 56, 66, 24, 76, 9, 32, 21, 73, 15, 37, 8, 45, 55, 37, 65, 44, 36, 84, 60, 63, 67, 84, 26, 79, 23, 19, 32, 36, 81, 11, 86, 0, 18, 11, 86, 57, 56, 19, 36, 0.009852, 
93, 41, 67, 40, 91, 48, 58, 43, 26, 91, 52, 57, 66, 67, 3, 31, 1, 57, 59, 58, 7, 9, 7, 0, 36, 74, 60, 19, 41, 41, 37, 29, 9, 5, 5, 52, 73, 70, 52, 62, 26, 59, 50, 62, 82, 71, 67, 7, 43, 57, 34, 33, 21, 33, 8, 20, 77, 4, 65, 64, 32, 61, 12, 79, 39, 35, 90, 77, 22, 27, 47, 83, 76, 38, 13, 6, 63, 42, 33, 85, 92, 47, 92, 22, 55, 77, 4, 14, 78, 49, 8, 10, 39, 22, 61, 10, 49, 49, 76, 65, 49, 87, 88, 89, 30, 25, 18, 28, 69, 2, 81, 84, 45, 23, 68, 68, 15, 30, 80, 18, 55, 16, 68, 18, 38, 46, 89, 38, 44, 51, 89, 69, 80, 51, 55, 75, 56, 86, 30, 11, 23, 16, 53, 88, 16, 16, 17, 24, 84, 86, 72, 0.019925, 
94, 64, 73, 10, 27, 16, 17, 54, 80, 70, 38, 74, 24, 91, 19, 32, 32, 71, 64, 17, 11, 14, 11, 5, 30, 56, 3, 30, 64, 64, 81, 81, 0, 11, 32, 38, 73, 71, 38, 70, 83, 36, 51, 27, 35, 13, 73, 11, 27, 74, 80, 78, 29, 78, 40, 7, 37, 41, 60, 7, 23, 60, 84, 72, 53, 31, 47, 66, 21, 49, 40, 15, 12, 28, 50, 42, 63, 7, 20, 93, 86, 40, 86, 21, 28, 34, 41, 58, 49, 65, 44, 68, 53, 21, 60, 44, 67, 67, 42, 57, 76, 18, 87, 52, 62, 9, 26, 1, 92, 90, 46, 89, 82, 22, 43, 87, 6, 62, 48, 77, 4, 2, 87, 77, 28, 2, 45, 75, 75, 90, 79, 33, 55, 90, 28, 69, 25, 8, 62, 75, 61, 2, 59, 87, 2, 2, 39, 82, 89, 8, 75, 0.011782, 
95, 17, 69, 46, 46, 56, 31, 20, 80, 93, 3, 72, 25, 69, 93, 60, 89, 77, 54, 31, 82, 85, 71, 7, 90, 22, 0, 34, 2, 75, 67, 67, 85, 61, 61, 3, 23, 29, 3, 93, 80, 54, 64, 6, 28, 78, 69, 50, 46, 72, 9, 88, 5, 66, 11, 37, 18, 5, 65, 37, 4, 65, 10, 33, 52, 84, 58, 18, 11, 79, 11, 35, 15, 49, 42, 12, 58, 13, 92, 51, 24, 11, 24, 84, 49, 18, 68, 38, 79, 10, 11, 32, 51, 11, 65, 10, 10, 10, 12, 65, 10, 83, 91, 1, 53, 47, 27, 39, 27, 87, 26, 55, 36, 63, 91, 14, 73, 62, 44, 76, 8, 94, 91, 76, 21, 19, 1, 86, 41, 47, 81, 81, 44, 47, 49, 57, 74, 70, 48, 43, 63, 30, 45, 91, 94, 30, 45, 40, 16, 59, 41, 0.009134, 
96, 36, 67, 79, 0, 73, 1, 22, 6, 0, 54, 11, 35, 89, 79, 7, 43, 52, 60, 74, 21, 68, 78, 46, 2, 38, 18, 34, 36, 36, 35, 35, 68, 7, 7, 54, 10, 62, 54, 0, 6, 64, 70, 79, 87, 1, 65, 21, 79, 11, 29, 88, 55, 92, 57, 25, 17, 61, 84, 40, 57, 84, 59, 91, 9, 44, 23, 51, 90, 72, 8, 75, 12, 69, 9, 24, 50, 40, 28, 59, 94, 8, 94, 20, 26, 51, 61, 83, 72, 27, 57, 17, 9, 90, 84, 30, 27, 81, 12, 84, 30, 58, 77, 56, 49, 14, 31, 41, 5, 49, 33, 66, 53, 16, 63, 4, 66, 49, 93, 39, 80, 76, 3, 37, 85, 76, 56, 85, 75, 14, 48, 5, 82, 14, 69, 45, 71, 47, 49, 75, 16, 86, 15, 77, 13, 32, 95, 42, 53, 47, 75, 0.008083, 
97, 76, 78, 23, 23, 76, 95, 23, 84, 2, 66, 24, 74, 72, 2, 94, 36, 59, 76, 27, 13, 53, 38, 42, 55, 74, 6, 22, 45, 45, 74, 6, 4, 40, 68, 66, 73, 26, 66, 2, 56, 93, 46, 2, 22, 19, 32, 13, 23, 24, 48, 77, 89, 77, 60, 82, 69, 16, 67, 82, 51, 17, 0, 1, 87, 71, 65, 69, 41, 31, 1, 61, 44, 86, 87, 54, 39, 57, 28, 0, 79, 1, 1, 41, 86, 88, 75, 28, 31, 47, 33, 7, 87, 41, 67, 35, 47, 47, 54, 25, 81, 20, 58, 8, 63, 15, 29, 30, 14, 3, 96, 50, 64, 92, 5, 80, 37, 63, 18, 11, 21, 91, 52, 11, 43, 91, 62, 43, 90, 15, 62, 14, 18, 15, 86, 49, 14, 83, 10, 34, 92, 12, 92, 58, 91, 12, 92, 70, 64, 37, 85, 0.010635, 
98, 81, 20, 29, 29, 38, 80, 47, 83, 8, 93, 26, 0, 41, 60, 3, 3, 26, 76, 15, 69, 58, 69, 77, 25, 0, 16, 24, 94, 94, 68, 68, 58, 66, 66, 93, 61, 26, 93, 8, 83, 2, 64, 86, 24, 42, 51, 69, 29, 26, 44, 53, 10, 87, 48, 11, 5, 10, 1, 11, 21, 71, 50, 9, 96, 17, 56, 88, 52, 30, 48, 62, 27, 54, 96, 46, 56, 23, 90, 43, 82, 48, 48, 12, 31, 67, 62, 89, 39, 45, 48, 6, 84, 12, 4, 45, 45, 45, 46, 14, 45, 34, 59, 74, 36, 19, 40, 63, 57, 92, 74, 35, 49, 75, 59, 73, 7, 36, 91, 40, 65, 75, 59, 40, 72, 19, 57, 85, 13, 33, 95, 57, 28, 33, 54, 18, 78, 34, 36, 55, 75, 19, 97, 59, 19, 34, 32, 72, 79, 37, 13, 0.010249, 
99, 15, 61, 88, 46, 22, 52, 55, 51, 86, 41, 52, 77, 14, 13, 90, 90, 57, 54, 52, 21, 82, 21, 72, 10, 95, 50, 5, 81, 45, 56, 56, 27, 70, 57, 41, 83, 91, 41, 86, 51, 62, 63, 86, 4, 70, 23, 70, 53, 52, 96, 68, 69, 68, 74, 29, 34, 69, 30, 43, 20, 1, 26, 3, 8, 71, 28, 18, 19, 98, 59, 60, 35, 76, 6, 80, 0, 73, 58, 42, 2, 59, 2, 67, 31, 18, 40, 68, 92, 75, 32, 36, 8, 19, 30, 97, 75, 75, 80, 16, 75, 17, 85, 38, 12, 94, 9, 93, 38, 11, 64, 84, 65, 47, 33, 87, 84, 12, 44, 9, 24, 79, 87, 9, 89, 79, 38, 78, 78, 7, 38, 38, 44, 7, 31, 39, 49, 17, 12, 78, 47, 79, 25, 85, 79, 79, 25, 89, 84, 84, 37, 0.024071, 
100, 40, 44, 58, 31, 28, 45, 76, 23, 29, 69, 94, 92, 91, 68, 47, 95, 94, 12, 2, 16, 17, 16, 85, 26, 65, 64, 9, 90, 22, 84, 55, 17, 95, 95, 69, 67, 1, 69, 29, 23, 12, 78, 29, 14, 62, 54, 16, 58, 94, 67, 27, 75, 63, 0, 60, 42, 75, 21, 60, 37, 51, 35, 46, 15, 98, 79, 42, 49, 30, 80, 71, 48, 99, 15, 6, 79, 13, 63, 53, 97, 80, 97, 49, 19, 42, 61, 20, 30, 8, 74, 56, 53, 49, 21, 82, 86, 86, 48, 34, 81, 57, 66, 7, 5, 77, 11, 38, 18, 36, 7, 52, 88, 87, 3, 33, 52, 32, 96, 25, 70, 87, 41, 11, 10, 87, 43, 10, 59, 72, 43, 73, 4, 72, 19, 50, 93, 89, 39, 71, 87, 87, 52, 66, 7, 87, 52, 24, 52, 89, 83, 0.014851, 
101, 41, 56, 89, 11, 40, 67, 89, 84, 12, 58, 64, 54, 56, 19, 31, 31, 67, 41, 31, 72, 24, 72, 3, 34, 54, 43, 34, 24, 1, 32, 32, 1, 18, 18, 58, 90, 86, 58, 12, 84, 5, 98, 12, 8, 2, 74, 2, 89, 64, 76, 53, 65, 78, 85, 91, 27, 65, 16, 4, 38, 61, 87, 77, 75, 59, 4, 49, 23, 88, 79, 17, 93, 21, 75, 4, 4, 91, 60, 7, 100, 79, 100, 46, 25, 20, 13, 92, 88, 33, 28, 55, 7, 23, 61, 55, 44, 0, 93, 16, 0, 37, 83, 95, 29, 99, 69, 10, 82, 15, 22, 63, 36, 14, 26, 26, 73, 57, 80, 70, 47, 94, 26, 69, 39, 6, 95, 39, 35, 81, 68, 45, 80, 81, 71, 42, 96, 62, 52, 17, 50, 48, 30, 83, 94, 51, 30, 39, 9, 73, 97, 0.008471, 
102, 32, 52, 58, 29, 42, 99, 0, 78, 39, 74, 97, 10, 15, 62, 27, 61, 97, 12, 30, 7, 98, 7, 49, 100, 10, 45, 82, 95, 95, 26, 89, 98, 47, 47, 74, 81, 97, 74, 39, 13, 12, 60, 62, 72, 51, 56, 54, 29, 97, 55, 35, 37, 31, 66, 68, 25, 37, 22, 8, 3, 22, 2, 57, 63, 43, 8, 84, 44, 19, 59, 4, 88, 16, 18, 73, 8, 14, 79, 63, 90, 59, 90, 44, 40, 76, 37, 28, 19, 87, 3, 25, 63, 44, 22, 85, 11, 85, 36, 46, 85, 5, 53, 80, 6, 1, 23, 83, 17, 50, 96, 77, 71, 101, 38, 21, 33, 24, 48, 23, 64, 70, 21, 23, 93, 70, 41, 65, 75, 86, 41, 17, 69, 86, 40, 20, 91, 5, 24, 75, 101, 70, 34, 53, 80, 70, 34, 94, 77, 67, 9, 0.011704, 
103, 35, 1, 56, 64, 10, 101, 8, 72, 26, 22, 38, 42, 1, 32, 52, 53, 14, 35, 101, 5, 75, 5, 8, 15, 42, 44, 60, 45, 45, 59, 80, 75, 5, 99, 22, 73, 38, 22, 26, 45, 13, 12, 26, 49, 78, 1, 5, 56, 5, 73, 55, 3, 66, 91, 76, 88, 3, 18, 50, 90, 94, 102, 21, 19, 34, 33, 88, 30, 27, 41, 95, 23, 7, 86, 79, 50, 47, 16, 67, 69, 41, 69, 9, 61, 88, 3, 40, 57, 51, 91, 91, 87, 9, 94, 0, 93, 93, 79, 18, 0, 20, 17, 43, 71, 74, 6, 89, 4, 100, 81, 48, 68, 96, 85, 2, 25, 71, 58, 70, 7, 96, 29, 6, 31, 84, 43, 54, 37, 36, 39, 77, 58, 36, 61, 11, 46, 83, 98, 63, 82, 92, 62, 17, 92, 92, 82, 28, 68, 24, 65, 0.012072, 
104, 76, 20, 59, 70, 76, 9, 91, 102, 43, 44, 54, 63, 25, 56, 87, 35, 80, 76, 51, 7, 42, 94, 60, 58, 0, 10, 53, 2, 67, 39, 39, 42, 98, 87, 44, 1, 80, 44, 43, 17, 76, 77, 22, 46, 38, 20, 27, 59, 54, 1, 37, 34, 37, 85, 21, 12, 78, 5, 89, 71, 75, 68, 57, 97, 13, 74, 12, 13, 61, 95, 90, 103, 100, 45, 101, 74, 89, 29, 36, 92, 95, 96, 13, 100, 40, 78, 41, 57, 31, 71, 30, 86, 13, 75, 30, 31, 69, 103, 5, 69, 99, 16, 26, 8, 55, 65, 19, 64, 28, 88, 15, 48, 6, 83, 84, 14, 4, 72, 23, 61, 49, 84, 66, 62, 52, 26, 82, 82, 18, 47, 64, 24, 18, 100, 93, 33, 79, 11, 3, 6, 81, 6, 16, 32, 81, 50, 62, 50, 79, 73, 0.009007, 
105, 80, 96, 21, 61, 24, 14, 88, 73, 54, 75, 22, 77, 93, 65, 34, 1, 82, 80, 14, 3, 32, 3, 88, 25, 10, 84, 15, 48, 48, 78, 37, 32, 71, 7, 75, 69, 97, 75, 89, 73, 12, 101, 89, 15, 3, 96, 3, 61, 22, 69, 63, 40, 63, 42, 83, 13, 40, 91, 76, 57, 64, 43, 35, 46, 68, 60, 13, 23, 70, 90, 4, 56, 36, 6, 16, 76, 17, 95, 74, 49, 51, 51, 45, 59, 13, 58, 17, 70, 81, 0, 47, 46, 87, 91, 55, 19, 5, 26, 91, 33, 100, 8, 41, 53, 9, 2, 103, 79, 29, 30, 52, 38, 11, 18, 104, 52, 53, 20, 2, 98, 30, 66, 2, 62, 30, 94, 99, 99, 9, 94, 79, 92, 9, 59, 86, 31, 72, 67, 99, 28, 50, 44, 8, 30, 50, 27, 102, 38, 72, 4, 0.011660, 
106, 79, 40, 15, 36, 79, 43, 74, 63, 1, 103, 42, 60, 17, 38, 88, 89, 61, 79, 43, 29, 21, 29, 56, 69, 73, 39, 69, 41, 41, 59, 59, 53, 50, 89, 103, 30, 23, 103, 1, 91, 79, 66, 19, 82, 44, 75, 32, 15, 28, 63, 51, 14, 87, 71, 94, 105, 14, 37, 58, 99, 37, 13, 5, 55, 33, 4, 105, 22, 46, 20, 83, 47, 65, 10, 12, 85, 31, 16, 76, 8, 96, 96, 84, 98, 105, 83, 0, 46, 54, 71, 92, 55, 84, 37, 92, 52, 70, 12, 93, 97, 25, 100, 18, 48, 25, 101, 45, 34, 11, 95, 9, 24, 7, 3, 57, 9, 48, 95, 102, 64, 90, 78, 101, 49, 35, 104, 49, 77, 68, 62, 2, 81, 68, 65, 11, 81, 67, 48, 27, 72, 90, 86, 100, 35, 90, 80, 24, 26, 67, 6, 0.009616, 
107, 29, 104, 90, 84, 56, 12, 81, 31, 100, 89, 83, 94, 69, 44, 53, 98, 12, 42, 12, 67, 11, 67, 39, 41, 27, 16, 41, 29, 29, 94, 32, 11, 61, 87, 89, 59, 23, 89, 47, 31, 10, 75, 62, 36, 54, 33, 67, 90, 83, 59, 101, 64, 101, 80, 30, 40, 64, 95, 51, 65, 93, 79, 35, 4, 85, 73, 18, 85, 1, 22, 96, 45, 50, 6, 106, 20, 58, 26, 68, 17, 66, 66, 85, 34, 18, 19, 7, 1, 79, 80, 40, 68, 85, 95, 40, 79, 79, 72, 82, 79, 91, 28, 55, 3, 0, 102, 37, 2, 60, 105, 49, 9, 99, 52, 5, 43, 3, 97, 76, 77, 8, 28, 76, 24, 86, 13, 103, 92, 88, 13, 70, 97, 88, 14, 38, 74, 48, 46, 21, 78, 25, 57, 28, 8, 25, 57, 15, 49, 71, 63, 0.015970, 
108, 15, 6, 45, 45, 72, 87, 65, 40, 78, 37, 57, 2, 86, 81, 1, 59, 1, 79, 47, 27, 98, 34, 84, 58, 44, 38, 58, 4, 4, 61, 13, 98, 77, 77, 37, 97, 56, 37, 81, 4, 41, 23, 81, 74, 35, 6, 27, 45, 63, 51, 99, 93, 99, 0, 10, 32, 93, 42, 11, 82, 22, 90, 33, 36, 85, 76, 83, 92, 66, 0, 96, 89, 46, 106, 14, 11, 48, 95, 31, 54, 54, 54, 85, 100, 83, 96, 76, 39, 107, 0, 5, 43, 85, 42, 5, 7, 24, 89, 42, 80, 73, 67, 3, 70, 64, 12, 20, 12, 16, 101, 19, 95, 52, 60, 53, 102, 70, 94, 105, 71, 50, 49, 105, 26, 18, 91, 104, 28, 103, 30, 68, 94, 103, 17, 25, 68, 9, 29, 28, 88, 75, 69, 67, 50, 55, 8, 21, 95, 102, 28, 0.012140, 
109, 50, 23, 17, 101, 31, 71, 82, 46, 70, 95, 103, 74, 95, 91, 75, 96, 8, 50, 71, 89, 69, 87, 48, 65, 74, 51, 65, 49, 49, 12, 12, 64, 56, 96, 95, 11, 27, 95, 72, 43, 99, 25, 18, 13, 45, 23, 16, 101, 103, 98, 52, 105, 7, 0, 88, 21, 5, 24, 34, 66, 14, 3, 37, 54, 10, 32, 21, 83, 84, 55, 36, 100, 58, 15, 81, 34, 4, 26, 54, 86, 63, 63, 57, 40, 106, 5, 7, 84, 68, 0, 6, 54, 53, 62, 29, 28, 90, 39, 33, 29, 79, 22, 2, 85, 104, 59, 19, 102, 85, 92, 1, 61, 73, 22, 44, 93, 85, 94, 9, 78, 20, 30, 59, 77, 42, 35, 97, 97, 60, 35, 67, 94, 60, 108, 107, 47, 41, 85, 97, 73, 38, 1, 22, 20, 38, 80, 76, 80, 41, 36, 0.008991, 
110, 21, 84, 29, 79, 8, 23, 69, 80, 95, 52, 27, 87, 20, 100, 55, 102, 27, 24, 62, 108, 72, 46, 69, 2, 87, 65, 88, 15, 15, 30, 58, 107, 5, 5, 52, 13, 107, 52, 95, 15, 24, 54, 39, 66, 99, 34, 22, 79, 27, 42, 1, 75, 1, 94, 0, 71, 75, 77, 90, 38, 36, 103, 109, 96, 82, 67, 45, 37, 44, 83, 60, 53, 28, 96, 4, 90, 35, 49, 14, 3, 50, 50, 57, 89, 45, 6, 61, 44, 56, 94, 43, 14, 37, 77, 43, 103, 103, 4, 7, 57, 17, 74, 73, 93, 91, 104, 25, 68, 105, 10, 9, 64, 12, 51, 85, 9, 106, 32, 33, 28, 47, 81, 104, 26, 76, 31, 97, 97, 92, 31, 11, 78, 70, 101, 41, 48, 98, 106, 60, 12, 59, 16, 74, 47, 59, 16, 18, 64, 19, 40, 0.009600, 
111, 36, 81, 107, 14, 36, 61, 101, 97, 96, 24, 21, 99, 108, 39, 31, 100, 2, 36, 17, 65, 73, 72, 19, 15, 18, 27, 57, 36, 36, 74, 48, 73, 5, 31, 24, 103, 59, 24, 96, 69, 29, 40, 96, 104, 13, 81, 11, 53, 21, 97, 86, 67, 93, 102, 38, 79, 67, 22, 50, 98, 91, 44, 12, 6, 106, 58, 79, 37, 26, 55, 66, 10, 0, 49, 3, 71, 50, 32, 105, 83, 55, 55, 80, 92, 110, 67, 25, 26, 44, 98, 30, 75, 37, 22, 94, 44, 44, 76, 35, 95, 33, 1, 54, 109, 60, 47, 7, 16, 90, 41, 23, 52, 43, 45, 9, 23, 109, 84, 8, 51, 46, 9, 42, 4, 78, 64, 4, 66, 28, 64, 16, 84, 28, 70, 63, 82, 34, 77, 66, 68, 87, 85, 1, 46, 62, 56, 88, 52, 34, 20, 0.009462, 
112, 72, 94, 50, 100, 72, 26, 40, 3, 79, 44, 65, 28, 84, 19, 24, 32, 65, 31, 51, 42, 82, 58, 101, 41, 55, 36, 74, 77, 59, 28, 1, 93, 76, 76, 44, 62, 93, 44, 79, 110, 21, 47, 79, 85, 91, 20, 42, 13, 65, 73, 5, 0, 15, 111, 92, 16, 4, 66, 92, 12, 66, 17, 34, 63, 33, 0, 9, 33, 18, 29, 95, 108, 83, 35, 104, 0, 81, 53, 63, 39, 39, 39, 33, 38, 89, 4, 81, 18, 10, 29, 106, 63, 33, 66, 22, 98, 98, 105, 66, 22, 27, 25, 57, 11, 30, 70, 75, 45, 48, 71, 14, 87, 103, 68, 49, 107, 11, 102, 109, 46, 8, 56, 70, 37, 96, 57, 37, 67, 7, 60, 60, 52, 7, 80, 2, 64, 69, 86, 67, 103, 23, 43, 25, 90, 99, 43, 61, 97, 78, 6, 0.012387, 
113, 21, 25, 34, 84, 94, 97, 34, 18, 84, 53, 49, 38, 25, 54, 70, 82, 91, 21, 77, 110, 100, 60, 46, 45, 38, 17, 45, 4, 1, 74, 51, 90, 35, 52, 53, 92, 65, 53, 61, 8, 21, 99, 61, 50, 24, 28, 110, 34, 104, 19, 109, 5, 109, 80, 0, 11, 107, 31, 26, 71, 57, 87, 83, 2, 68, 96, 11, 48, 85, 105, 40, 33, 103, 2, 55, 96, 26, 69, 2, 81, 13, 6, 30, 39, 11, 43, 44, 15, 41, 71, 22, 2, 73, 31, 108, 27, 27, 72, 32, 10, 42, 36, 59, 56, 9, 58, 7, 111, 79, 102, 14, 29, 3, 66, 78, 89, 23, 63, 58, 37, 102, 62, 58, 76, 20, 111, 76, 98, 64, 112, 59, 63, 64, 12, 101, 59, 95, 23, 98, 3, 88, 93, 36, 102, 86, 16, 67, 69, 106, 47, 0.012752, 
114, 21, 65, 8, 56, 94, 82, 14, 99, 6, 111, 52, 37, 9, 58, 98, 85, 46, 21, 82, 104, 20, 49, 29, 0, 64, 16, 84, 11, 43, 68, 62, 66, 89, 93, 111, 110, 52, 111, 6, 30, 45, 67, 75, 19, 108, 65, 104, 8, 52, 79, 57, 107, 57, 51, 25, 1, 107, 81, 26, 86, 61, 27, 5, 112, 13, 92, 105, 95, 4, 69, 91, 59, 101, 88, 24, 92, 113, 48, 112, 44, 3, 39, 5, 41, 105, 54, 63, 4, 7, 100, 34, 112, 5, 81, 28, 27, 27, 83, 23, 27, 53, 33, 32, 102, 2, 38, 86, 78, 77, 90, 74, 71, 60, 33, 33, 17, 42, 73, 36, 50, 109, 33, 38, 22, 109, 76, 22, 80, 2, 15, 78, 55, 2, 12, 97, 47, 35, 87, 80, 60, 31, 70, 33, 109, 103, 18, 72, 106, 35, 96, 0.009501, 
115, 14, 53, 114, 39, 34, 46, 80, 98, 1, 72, 69, 30, 17, 1, 57, 79, 93, 59, 46, 6, 8, 4, 80, 24, 29, 48, 23, 33, 9, 52, 66, 8, 85, 28, 72, 103, 91, 72, 1, 43, 10, 62, 39, 23, 95, 108, 6, 39, 25, 98, 111, 26, 76, 68, 89, 15, 26, 67, 89, 18, 63, 19, 27, 60, 55, 61, 106, 27, 74, 13, 71, 55, 40, 41, 0, 61, 105, 78, 35, 13, 13, 13, 55, 82, 106, 107, 112, 38, 19, 100, 15, 64, 27, 67, 36, 20, 19, 0, 77, 36, 110, 21, 109, 2, 37, 50, 86, 65, 97, 73, 113, 104, 49, 11, 83, 102, 58, 51, 50, 45, 42, 21, 50, 54, 101, 31, 81, 22, 87, 31, 90, 44, 87, 94, 92, 88, 5, 84, 96, 32, 3, 16, 21, 7, 75, 99, 47, 12, 56, 70, 0.010053, 
116, 113, 49, 35, 1, 107, 67, 93, 52, 101, 66, 7, 41, 104, 63, 82, 71, 100, 113, 67, 65, 92, 65, 69, 16, 85, 43, 48, 57, 36, 1, 18, 92, 34, 82, 66, 53, 12, 66, 30, 80, 113, 23, 103, 48, 3, 102, 37, 94, 7, 114, 110, 86, 110, 54, 44, 11, 86, 26, 15, 59, 26, 70, 8, 111, 50, 25, 11, 55, 21, 31, 112, 40, 22, 91, 0, 83, 14, 33, 19, 27, 6, 6, 72, 109, 11, 112, 33, 21, 51, 9, 24, 76, 72, 26, 13, 79, 90, 106, 26, 108, 2, 78, 95, 98, 81, 20, 4, 77, 56, 115, 68, 75, 89, 58, 46, 88, 47, 60, 96, 28, 39, 42, 20, 64, 97, 29, 74, 38, 56, 29, 77, 87, 56, 109, 5, 61, 99, 45, 38, 84, 10, 32, 78, 39, 105, 32, 17, 73, 88, 62, 0.009753, 
117, 107, 93, 111, 59, 36, 7, 15, 107, 26, 114, 22, 58, 93, 104, 45, 23, 22, 107, 115, 101, 109, 91, 13, 33, 82, 42, 99, 69, 37, 24, 96, 109, 62, 23, 114, 67, 81, 114, 94, 107, 88, 34, 18, 31, 97, 93, 101, 111, 22, 67, 108, 79, 108, 75, 87, 0, 79, 47, 56, 44, 47, 6, 12, 63, 1, 52, 84, 30, 4, 54, 78, 41, 46, 63, 66, 52, 28, 10, 8, 103, 54, 116, 1, 38, 110, 98, 50, 4, 80, 112, 16, 8, 1, 47, 64, 39, 85, 41, 29, 100, 2, 11, 95, 19, 70, 68, 76, 55, 71, 86, 72, 20, 90, 105, 92, 5, 19, 65, 102, 53, 51, 92, 57, 61, 25, 21, 9, 60, 89, 32, 40, 65, 89, 77, 83, 17, 2, 19, 60, 3, 74, 106, 11, 51, 113, 14, 61, 49, 73, 43, 0.010515, 
118, 64, 82, 85, 83, 54, 94, 18, 5, 13, 70, 94, 90, 15, 10, 35, 52, 115, 26, 94, 36, 38, 36, 100, 67, 90, 32, 86, 99, 78, 33, 33, 38, 1, 37, 70, 66, 38, 70, 13, 5, 117, 23, 18, 39, 28, 16, 36, 18, 94, 5, 102, 17, 102, 114, 48, 0, 58, 81, 56, 24, 79, 65, 53, 69, 44, 42, 60, 76, 71, 114, 34, 21, 30, 12, 8, 109, 108, 93, 9, 98, 57, 57, 107, 106, 60, 101, 93, 77, 62, 114, 4, 47, 107, 81, 87, 97, 41, 21, 81, 41, 29, 103, 11, 116, 72, 95, 45, 51, 43, 89, 49, 96, 25, 91, 104, 6, 61, 113, 80, 75, 59, 14, 95, 73, 2, 11, 22, 110, 74, 3, 3, 88, 55, 92, 27, 19, 7, 46, 34, 112, 31, 63, 103, 59, 105, 111, 84, 68, 7, 50, 0.010998, 
119, 2, 105, 35, 33, 81, 116, 52, 20, 27, 32, 68, 30, 79, 27, 5, 48, 69, 56, 75, 62, 54, 62, 52, 86, 44, 64, 86, 89, 109, 95, 7, 76, 66, 73, 32, 11, 69, 32, 27, 20, 28, 88, 27, 86, 100, 1, 24, 33, 68, 42, 63, 117, 49, 15, 90, 25, 97, 113, 67, 92, 74, 103, 45, 22, 71, 23, 40, 36, 31, 115, 14, 80, 104, 110, 80, 41, 34, 53, 65, 29, 115, 115, 36, 46, 82, 39, 8, 47, 96, 15, 6, 99, 36, 26, 112, 96, 96, 80, 111, 112, 9, 108, 70, 0, 4, 102, 16, 60, 12, 72, 85, 37, 87, 19, 10, 98, 13, 21, 94, 61, 57, 38, 94, 91, 55, 114, 91, 51, 83, 17, 60, 21, 83, 104, 43, 101, 77, 106, 51, 84, 78, 118, 108, 93, 18, 107, 59, 3, 77, 50, 0.014424, 
120, 8, 7, 23, 13, 35, 24, 73, 115, 113, 28, 92, 114, 32, 82, 0, 116, 0, 104, 24, 64, 46, 64, 25, 20, 16, 86, 88, 87, 87, 91, 38, 46, 96, 96, 28, 17, 51, 28, 113, 53, 31, 11, 26, 77, 57, 48, 15, 74, 49, 17, 109, 27, 109, 97, 37, 78, 27, 41, 44, 4, 76, 47, 107, 65, 60, 63, 42, 98, 18, 68, 50, 10, 67, 65, 61, 44, 109, 14, 59, 21, 22, 43, 103, 34, 40, 56, 109, 79, 69, 9, 99, 59, 103, 41, 2, 47, 47, 61, 100, 2, 29, 81, 12, 89, 105, 106, 33, 90, 5, 52, 45, 19, 66, 108, 3, 85, 75, 110, 71, 94, 36, 34, 1, 55, 54, 80, 112, 102, 111, 83, 84, 39, 111, 67, 30, 72, 70, 93, 102, 6, 117, 58, 81, 95, 119, 58, 62, 19, 101, 118, 0.025961, 
121, 53, 16, 76, 13, 110, 2, 89, 25, 33, 74, 118, 48, 0, 9, 29, 62, 44, 58, 2, 84, 49, 86, 90, 80, 102, 45, 109, 25, 25, 72, 72, 49, 59, 59, 74, 114, 6, 74, 33, 25, 14, 96, 33, 64, 100, 27, 75, 47, 60, 94, 106, 28, 30, 50, 108, 39, 97, 54, 108, 17, 69, 99, 91, 65, 101, 41, 39, 1, 43, 3, 38, 103, 32, 105, 73, 88, 51, 30, 4, 116, 18, 18, 36, 46, 22, 8, 92, 43, 120, 50, 115, 71, 34, 24, 119, 104, 23, 83, 61, 40, 12, 82, 77, 52, 66, 5, 37, 112, 78, 56, 113, 111, 63, 82, 117, 15, 52, 35, 10, 55, 21, 82, 31, 26, 70, 11, 26, 42, 66, 11, 112, 35, 66, 87, 85, 93, 68, 7, 42, 98, 81, 19, 82, 79, 81, 19, 95, 107, 20, 57, 0.010939, 
122, 76, 70, 20, 47, 60, 71, 93, 101, 13, 113, 3, 51, 45, 31, 23, 89, 42, 76, 12, 34, 98, 34, 68, 84, 104, 58, 84, 117, 59, 62, 94, 98, 16, 115, 113, 114, 119, 113, 44, 101, 76, 67, 11, 61, 53, 70, 34, 22, 35, 7, 121, 57, 109, 92, 86, 32, 99, 6, 65, 88, 6, 112, 15, 39, 102, 79, 32, 116, 96, 10, 73, 91, 18, 36, 28, 79, 106, 87, 37, 46, 10, 46, 100, 97, 63, 120, 30, 96, 40, 17, 118, 39, 100, 6, 118, 80, 105, 110, 25, 105, 103, 4, 74, 52, 77, 54, 78, 95, 66, 111, 8, 55, 9, 108, 83, 69, 41, 24, 33, 85, 1, 83, 0, 49, 81, 27, 48, 19, 29, 27, 95, 64, 29, 97, 38, 82, 56, 41, 21, 5, 107, 26, 4, 43, 14, 72, 2, 50, 75, 19, 0.011011, 
123, 75, 66, 38, 24, 19, 0, 57, 25, 95, 68, 114, 20, 94, 105, 111, 86, 7, 49, 0, 112, 36, 42, 18, 1, 118, 107, 117, 50, 50, 14, 14, 76, 88, 121, 68, 21, 9, 68, 10, 25, 49, 110, 79, 54, 84, 66, 32, 98, 114, 21, 37, 89, 37, 91, 80, 45, 89, 119, 113, 48, 13, 92, 81, 59, 31, 53, 90, 96, 22, 106, 43, 4, 74, 6, 108, 53, 30, 2, 73, 69, 106, 106, 51, 103, 12, 8, 78, 99, 52, 48, 45, 59, 51, 119, 62, 64, 104, 108, 56, 62, 71, 65, 58, 102, 100, 83, 27, 85, 11, 122, 115, 115, 101, 70, 93, 82, 116, 47, 17, 33, 39, 15, 23, 28, 120, 87, 28, 61, 40, 35, 85, 46, 40, 16, 34, 109, 41, 44, 61, 101, 97, 60, 65, 5, 29, 77, 55, 115, 26, 63, 0.010715, 
124, 12, 71, 37, 95, 73, 110, 64, 65, 121, 107, 40, 29, 92, 23, 115, 115, 69, 12, 61, 52, 9, 21, 62, 93, 20, 38, 116, 44, 82, 95, 81, 111, 6, 115, 107, 42, 85, 107, 121, 100, 24, 10, 70, 13, 0, 37, 36, 70, 40, 65, 63, 27, 77, 86, 5, 88, 45, 55, 5, 19, 47, 31, 109, 90, 43, 51, 18, 48, 113, 74, 17, 112, 3, 68, 102, 51, 56, 67, 31, 7, 76, 32, 99, 118, 96, 1, 56, 113, 72, 86, 60, 78, 54, 53, 25, 72, 25, 112, 84, 25, 114, 26, 120, 22, 87, 8, 59, 123, 104, 35, 79, 57, 91, 75, 15, 89, 46, 101, 33, 3, 14, 4, 8, 2, 41, 58, 2, 105, 98, 58, 123, 16, 98, 49, 83, 66, 108, 28, 34, 39, 80, 11, 26, 117, 119, 103, 94, 50, 122, 30, 0.011304, 
125, 14, 18, 64, 108, 95, 49, 17, 55, 100, 96, 57, 71, 76, 115, 58, 93, 56, 14, 49, 89, 4, 89, 124, 123, 71, 38, 123, 13, 78, 19, 60, 24, 75, 30, 96, 0, 70, 96, 26, 54, 47, 74, 97, 41, 63, 34, 89, 82, 84, 111, 21, 83, 21, 36, 44, 22, 109, 65, 119, 106, 53, 27, 107, 101, 72, 119, 20, 45, 79, 112, 87, 43, 8, 99, 61, 119, 68, 6, 101, 46, 91, 25, 121, 8, 37, 86, 66, 107, 117, 106, 22, 101, 67, 59, 88, 117, 117, 114, 116, 88, 52, 3, 33, 113, 50, 28, 23, 62, 81, 92, 77, 48, 51, 98, 85, 2, 102, 32, 35, 79, 11, 73, 40, 110, 105, 42, 10, 69, 31, 16, 62, 94, 31, 8, 1, 118, 5, 122, 90, 9, 80, 120, 3, 39, 103, 15, 12, 77, 104, 7, 0.007212, 
126, 48, 14, 111, 64, 12, 38, 66, 51, 6, 115, 38, 18, 17, 85, 95, 124, 114, 104, 38, 16, 49, 4, 121, 25, 72, 11, 83, 77, 79, 64, 20, 100, 109, 109, 115, 3, 71, 115, 91, 51, 89, 69, 80, 98, 54, 14, 103, 64, 38, 97, 88, 63, 99, 45, 116, 112, 23, 47, 75, 101, 68, 29, 107, 92, 65, 76, 2, 21, 27, 37, 1, 42, 31, 92, 73, 5, 87, 0, 60, 43, 19, 19, 62, 81, 82, 96, 99, 24, 32, 90, 113, 60, 117, 123, 7, 93, 93, 73, 41, 36, 50, 59, 56, 28, 67, 119, 53, 74, 33, 40, 30, 55, 120, 13, 125, 22, 28, 46, 110, 31, 9, 122, 119, 8, 61, 118, 10, 15, 67, 44, 74, 46, 67, 108, 35, 105, 94, 102, 34, 57, 39, 58, 59, 86, 106, 84, 78, 55, 70, 52, 0.011714, 
127, 124, 75, 24, 104, 20, 30, 49, 117, 86, 85, 62, 41, 121, 69, 70, 103, 98, 93, 109, 82, 114, 82, 84, 63, 41, 59, 74, 43, 43, 119, 119, 18, 33, 105, 85, 57, 64, 85, 88, 66, 55, 111, 36, 102, 92, 80, 33, 45, 37, 117, 39, 68, 106, 60, 73, 23, 126, 10, 47, 72, 15, 56, 4, 16, 76, 51, 23, 108, 14, 90, 50, 95, 17, 87, 47, 47, 112, 2, 3, 28, 94, 61, 96, 123, 23, 44, 35, 40, 9, 72, 83, 3, 118, 10, 83, 54, 54, 95, 10, 125, 120, 107, 89, 58, 116, 34, 67, 115, 81, 122, 26, 11, 6, 91, 53, 7, 32, 77, 78, 101, 48, 71, 34, 27, 25, 89, 79, 113, 97, 89, 115, 21, 13, 12, 42, 1, 38, 110, 65, 99, 19, 8, 107, 22, 100, 29, 27, 5, 0, 46, 0.013332, 
128, 32, 110, 71, 41, 32, 108, 86, 28, 102, 105, 123, 61, 25, 34, 35, 22, 38, 5, 43, 39, 127, 39, 49, 84, 122, 109, 72, 100, 92, 116, 64, 16, 54, 91, 105, 36, 98, 105, 13, 28, 5, 75, 13, 26, 81, 110, 39, 41, 89, 36, 120, 73, 111, 93, 96, 15, 19, 114, 107, 115, 47, 23, 11, 21, 56, 101, 88, 103, 37, 90, 60, 63, 121, 12, 7, 118, 78, 20, 79, 17, 90, 2, 24, 30, 77, 19, 31, 8, 42, 59, 83, 65, 24, 55, 104, 125, 87, 99, 45, 9, 62, 112, 1, 117, 68, 76, 52, 6, 57, 106, 70, 48, 14, 27, 94, 51, 117, 53, 66, 74, 124, 113, 10, 119, 33, 4, 18, 69, 126, 40, 6, 3, 58, 85, 82, 50, 62, 29, 97, 14, 67, 95, 112, 80, 67, 46, 0, 70, 51, 44, 0.011636, 
129, 55, 31, 36, 12, 55, 102, 113, 40, 53, 74, 116, 122, 94, 118, 107, 52, 19, 54, 56, 60, 43, 28, 59, 33, 21, 125, 24, 68, 47, 46, 46, 87, 6, 6, 74, 22, 44, 74, 53, 40, 91, 11, 12, 3, 66, 31, 60, 12, 116, 114, 83, 8, 5, 65, 58, 57, 17, 30, 71, 96, 26, 1, 85, 111, 72, 101, 62, 82, 121, 104, 10, 7, 75, 2, 124, 14, 15, 9, 112, 119, 34, 34, 80, 84, 115, 32, 100, 123, 4, 117, 89, 51, 38, 37, 98, 86, 42, 7, 49, 88, 16, 13, 23, 67, 106, 79, 50, 97, 41, 0, 120, 73, 35, 110, 69, 25, 103, 18, 70, 81, 95, 105, 70, 48, 61, 23, 90, 39, 29, 64, 64, 126, 76, 84, 78, 63, 92, 103, 39, 20, 127, 128, 13, 77, 93, 108, 45, 120, 92, 109, 0.010542, 
130, 98, 50, 14, 115, 123, 92, 110, 117, 127, 20, 21, 22, 79, 125, 78, 81, 97, 98, 102, 114, 55, 112, 84, 11, 15, 18, 6, 80, 53, 13, 13, 17, 10, 74, 20, 77, 32, 20, 127, 28, 69, 57, 88, 6, 39, 86, 114, 26, 90, 54, 107, 126, 33, 58, 47, 36, 75, 94, 59, 76, 94, 118, 106, 105, 71, 41, 27, 43, 116, 48, 128, 91, 95, 19, 45, 1, 93, 64, 8, 83, 48, 48, 3, 29, 40, 16, 119, 4, 38, 109, 37, 105, 3, 94, 99, 68, 38, 103, 122, 24, 66, 49, 62, 65, 23, 96, 82, 2, 30, 85, 72, 42, 51, 49, 12, 9, 65, 61, 100, 111, 34, 5, 100, 70, 67, 31, 70, 25, 46, 129, 87, 121, 46, 95, 104, 0, 113, 35, 73, 7, 44, 56, 49, 63, 108, 124, 101, 60, 89, 52, 0.014877, 
131, 33, 79, 106, 120, 110, 128, 105, 49, 52, 95, 66, 119, 79, 71, 26, 107, 23, 5, 21, 53, 36, 60, 82, 122, 6, 77, 129, 61, 70, 123, 96, 2, 31, 115, 95, 13, 84, 95, 10, 49, 5, 57, 34, 129, 16, 22, 15, 105, 66, 88, 102, 130, 102, 1, 45, 32, 4, 103, 92, 0, 17, 9, 20, 116, 124, 109, 98, 78, 19, 3, 126, 117, 7, 112, 24, 18, 125, 48, 9, 74, 14, 100, 39, 127, 98, 27, 25, 19, 68, 86, 50, 116, 64, 103, 11, 58, 58, 30, 44, 11, 108, 46, 83, 8, 73, 55, 113, 38, 85, 67, 121, 72, 29, 28, 12, 101, 35, 97, 56, 7, 40, 42, 51, 37, 90, 111, 80, 94, 114, 111, 59, 118, 76, 93, 69, 89, 81, 35, 54, 91, 47, 99, 46, 40, 47, 65, 87, 41, 62, 104, 0.011733, 
132, 75, 95, 57, 23, 6, 128, 36, 86, 85, 109, 73, 79, 27, 118, 9, 1, 61, 104, 60, 125, 58, 106, 91, 59, 112, 70, 59, 120, 87, 5, 5, 96, 51, 108, 109, 55, 35, 109, 124, 37, 49, 127, 33, 69, 107, 77, 94, 3, 73, 129, 117, 83, 22, 46, 19, 18, 83, 131, 19, 43, 38, 78, 11, 65, 48, 47, 41, 123, 62, 72, 52, 40, 4, 63, 64, 82, 110, 22, 2, 130, 119, 114, 24, 68, 53, 93, 22, 62, 56, 46, 76, 65, 71, 131, 13, 32, 39, 80, 26, 7, 97, 54, 92, 16, 10, 81, 115, 103, 122, 20, 31, 84, 28, 17, 121, 100, 16, 111, 89, 113, 44, 29, 81, 14, 90, 8, 116, 30, 21, 101, 15, 126, 21, 42, 0, 25, 50, 34, 102, 12, 67, 66, 54, 44, 98, 88, 45, 74, 105, 99, 0.012000, 
133, 83, 58, 66, 31, 78, 64, 72, 50, 96, 111, 82, 34, 52, 10, 27, 103, 46, 107, 38, 16, 51, 6, 30, 116, 49, 84, 116, 110, 110, 106, 74, 92, 8, 27, 111, 127, 113, 111, 61, 71, 112, 13, 62, 116, 56, 59, 7, 125, 82, 80, 54, 85, 15, 37, 118, 17, 115, 33, 2, 101, 70, 76, 117, 75, 32, 20, 17, 126, 94, 129, 4, 43, 79, 91, 89, 81, 12, 15, 25, 128, 57, 0, 124, 93, 108, 98, 35, 121, 45, 44, 95, 42, 124, 55, 122, 100, 100, 9, 40, 97, 86, 99, 47, 120, 63, 3, 21, 109, 123, 104, 36, 87, 22, 23, 132, 60, 41, 26, 14, 19, 1, 73, 3, 48, 69, 29, 130, 131, 105, 29, 109, 5, 88, 79, 68, 102, 119, 67, 39, 11, 53, 77, 99, 24, 53, 77, 18, 36, 119, 65, 0.010902, 
134, 37, 20, 86, 39, 83, 108, 119, 73, 1, 96, 105, 16, 117, 67, 41, 127, 24, 116, 21, 9, 25, 9, 53, 48, 8, 132, 49, 90, 131, 89, 89, 44, 91, 76, 96, 22, 74, 96, 75, 73, 130, 72, 93, 56, 110, 62, 19, 115, 17, 7, 128, 63, 54, 97, 103, 79, 124, 14, 94, 31, 61, 27, 2, 18, 95, 100, 77, 92, 50, 122, 114, 69, 84, 99, 129, 100, 57, 109, 13, 81, 70, 104, 23, 65, 87, 126, 36, 33, 98, 97, 34, 51, 23, 14, 40, 78, 78, 129, 0, 4, 118, 43, 59, 3, 6, 32, 120, 29, 10, 30, 55, 125, 28, 88, 52, 82, 102, 64, 113, 42, 68, 123, 80, 46, 47, 15, 112, 106, 5, 71, 121, 85, 38, 101, 66, 12, 58, 107, 106, 45, 60, 11, 43, 68, 133, 11, 26, 125, 111, 35, 0.011831, 
135, 72, 59, 29, 1, 56, 85, 9, 17, 67, 95, 10, 44, 90, 67, 55, 8, 55, 72, 78, 60, 16, 2, 27, 123, 125, 54, 79, 81, 106, 132, 132, 48, 64, 64, 95, 83, 114, 95, 67, 20, 124, 51, 70, 57, 69, 26, 103, 119, 126, 43, 62, 134, 52, 61, 66, 76, 116, 31, 21, 108, 22, 91, 11, 0, 97, 50, 130, 109, 25, 92, 46, 133, 14, 13, 105, 75, 3, 49, 104, 37, 12, 18, 87, 84, 30, 35, 131, 88, 15, 101, 39, 104, 86, 113, 71, 34, 15, 105, 121, 6, 33, 45, 128, 41, 53, 68, 28, 74, 122, 127, 110, 100, 117, 120, 111, 4, 129, 107, 7, 14, 96, 42, 68, 77, 82, 19, 5, 98, 40, 19, 36, 107, 32, 63, 38, 47, 118, 99, 80, 23, 93, 65, 45, 89, 115, 73, 58, 112, 118, 98, 0.012033, 
136, 0, 111, 7, 126, 60, 76, 48, 75, 104, 115, 129, 123, 99, 125, 46, 67, 96, 134, 76, 70, 118, 3, 74, 130, 32, 17, 130, 2, 86, 93, 106, 114, 92, 92, 115, 64, 40, 115, 9, 29, 90, 42, 50, 78, 73, 111, 38, 20, 129, 132, 19, 71, 109, 54, 87, 124, 107, 94, 24, 30, 103, 65, 119, 79, 35, 27, 22, 105, 6, 33, 82, 57, 88, 5, 63, 27, 52, 51, 47, 127, 39, 44, 28, 55, 22, 1, 66, 85, 135, 62, 77, 116, 25, 94, 16, 135, 135, 81, 100, 16, 101, 41, 18, 14, 31, 97, 98, 108, 23, 84, 45, 13, 36, 95, 8, 102, 69, 59, 110, 12, 117, 11, 26, 83, 91, 43, 83, 61, 4, 34, 122, 112, 72, 10, 53, 21, 131, 133, 128, 49, 120, 121, 41, 117, 113, 121, 80, 37, 15, 58, 0.011637, 
137, 30, 80, 104, 22, 56, 69, 89, 85, 25, 126, 97, 55, 12, 135, 116, 35, 31, 108, 136, 128, 120, 62, 67, 9, 26, 70, 79, 109, 111, 102, 58, 8, 41, 121, 126, 4, 60, 126, 39, 27, 134, 2, 39, 71, 38, 11, 73, 132, 15, 123, 44, 7, 72, 33, 68, 57, 7, 10, 34, 91, 100, 114, 59, 52, 84, 77, 122, 21, 94, 63, 130, 32, 36, 16, 125, 99, 119, 0, 74, 51, 83, 83, 40, 5, 64, 81, 103, 47, 129, 96, 28, 46, 40, 10, 78, 129, 129, 93, 45, 49, 115, 20, 92, 43, 13, 76, 95, 127, 23, 112, 101, 117, 110, 88, 124, 17, 24, 87, 133, 107, 61, 42, 6, 106, 131, 29, 113, 75, 48, 29, 127, 90, 48, 54, 98, 14, 50, 24, 86, 1, 118, 18, 20, 61, 53, 82, 65, 101, 19, 3, 0.012026, 
138, 29, 75, 94, 26, 27, 83, 105, 18, 112, 124, 104, 45, 19, 67, 122, 17, 136, 130, 14, 126, 40, 121, 89, 108, 54, 46, 96, 103, 116, 93, 16, 72, 79, 74, 124, 78, 71, 124, 129, 64, 42, 82, 98, 28, 38, 109, 8, 26, 120, 125, 70, 68, 134, 2, 0, 135, 52, 36, 0, 41, 85, 57, 123, 51, 128, 118, 1, 7, 37, 23, 63, 84, 133, 91, 107, 66, 65, 47, 73, 113, 55, 55, 21, 15, 1, 31, 6, 92, 76, 99, 86, 51, 21, 36, 11, 49, 39, 10, 115, 111, 110, 58, 24, 53, 5, 132, 3, 102, 106, 13, 80, 90, 62, 20, 137, 56, 12, 60, 43, 48, 114, 34, 4, 127, 35, 81, 95, 32, 131, 101, 102, 60, 87, 69, 50, 88, 77, 12, 117, 61, 30, 25, 58, 59, 119, 25, 100, 22, 33, 32, 0.012360, 
139, 88, 113, 67, 25, 18, 37, 100, 90, 111, 129, 73, 23, 113, 22, 126, 101, 33, 7, 12, 43, 14, 31, 103, 127, 3, 92, 20, 71, 71, 57, 57, 66, 84, 15, 129, 87, 121, 129, 13, 90, 83, 44, 42, 69, 4, 28, 107, 106, 16, 94, 0, 85, 125, 96, 49, 55, 138, 27, 110, 120, 36, 124, 131, 63, 133, 19, 60, 105, 93, 79, 26, 47, 134, 80, 5, 110, 39, 125, 137, 35, 128, 21, 119, 116, 122, 62, 32, 98, 68, 96, 118, 38, 56, 108, 118, 68, 68, 95, 8, 75, 78, 74, 58, 89, 41, 97, 81, 86, 64, 72, 9, 112, 53, 24, 76, 40, 135, 61, 10, 1, 65, 136, 132, 91, 65, 46, 115, 117, 52, 11, 123, 6, 59, 54, 34, 48, 30, 114, 70, 2, 104, 50, 74, 82, 130, 17, 29, 102, 51, 77, 0.012418, 
140, 81, 13, 57, 119, 17, 136, 118, 2, 23, 138, 24, 15, 101, 88, 129, 83, 7, 85, 100, 39, 45, 60, 77, 50, 32, 102, 127, 108, 44, 109, 33, 38, 134, 37, 138, 80, 51, 138, 26, 76, 93, 56, 91, 114, 130, 137, 125, 57, 132, 21, 117, 35, 40, 96, 74, 73, 5, 139, 42, 58, 20, 22, 11, 133, 123, 86, 65, 49, 3, 106, 46, 87, 135, 89, 16, 105, 43, 82, 110, 19, 106, 25, 115, 103, 111, 121, 12, 8, 1, 84, 59, 79, 41, 95, 98, 112, 112, 71, 107, 47, 63, 6, 126, 61, 90, 0, 97, 120, 128, 55, 67, 18, 124, 48, 36, 122, 61, 94, 104, 54, 34, 64, 131, 30, 28, 69, 66, 75, 116, 29, 92, 10, 116, 99, 4, 113, 53, 61, 75, 70, 62, 14, 6, 9, 52, 14, 30, 78, 68, 27, 0.010403, 
141, 46, 129, 91, 65, 13, 40, 94, 98, 130, 132, 131, 135, 129, 5, 66, 38, 114, 138, 76, 115, 72, 123, 54, 37, 82, 83, 88, 47, 15, 34, 133, 75, 92, 86, 132, 60, 126, 132, 130, 16, 61, 118, 53, 71, 84, 67, 32, 94, 131, 80, 90, 70, 63, 10, 103, 74, 111, 58, 107, 20, 128, 89, 14, 110, 69, 102, 12, 81, 97, 79, 78, 127, 122, 51, 23, 0, 109, 33, 8, 21, 25, 105, 116, 4, 12, 31, 73, 77, 44, 20, 117, 93, 1, 59, 137, 119, 85, 112, 62, 42, 26, 3, 52, 87, 104, 96, 27, 41, 43, 136, 48, 45, 134, 106, 17, 113, 99, 120, 101, 6, 49, 124, 95, 39, 24, 121, 28, 19, 11, 121, 7, 35, 30, 18, 140, 57, 29, 50, 125, 22, 9, 139, 3, 49, 100, 55, 68, 48, 36, 2, 0.050197, 
142, 37, 95, 89, 71, 27, 9, 97, 99, 104, 69, 53, 7, 92, 83, 65, 94, 112, 57, 102, 90, 130, 24, 86, 136, 116, 52, 137, 82, 16, 106, 106, 50, 111, 123, 69, 85, 76, 69, 51, 59, 88, 48, 31, 137, 132, 115, 36, 64, 66, 35, 18, 74, 18, 118, 20, 10, 67, 128, 6, 140, 81, 105, 61, 138, 12, 77, 134, 38, 42, 34, 79, 28, 84, 25, 14, 114, 131, 120, 138, 46, 101, 30, 135, 29, 54, 22, 93, 19, 108, 98, 5, 138, 38, 55, 117, 96, 21, 107, 11, 103, 33, 68, 100, 75, 110, 109, 49, 122, 4, 3, 62, 43, 2, 56, 91, 44, 15, 63, 78, 141, 87, 70, 73, 127, 126, 13, 125, 139, 26, 23, 80, 124, 129, 133, 1, 39, 60, 8, 139, 119, 0, 40, 68, 41, 47, 17, 45, 32, 121, 113, 0.008669, 
143, 94, 106, 137, 140, 91, 70, 116, 65, 14, 136, 79, 1, 77, 102, 83, 58, 95, 38, 113, 100, 49, 66, 41, 63, 111, 15, 80, 57, 57, 56, 107, 28, 87, 46, 136, 89, 114, 136, 39, 74, 90, 47, 125, 82, 44, 115, 135, 140, 23, 78, 53, 67, 131, 105, 134, 16, 10, 129, 96, 18, 73, 118, 139, 75, 8, 133, 132, 119, 61, 101, 34, 72, 138, 99, 11, 97, 76, 117, 33, 27, 19, 54, 29, 35, 59, 71, 127, 7, 26, 124, 24, 93, 13, 129, 86, 109, 62, 81, 36, 120, 30, 52, 0, 112, 9, 4, 40, 42, 141, 98, 25, 69, 45, 22, 103, 31, 126, 104, 121, 48, 88, 84, 21, 108, 123, 20, 2, 64, 128, 37, 12, 3, 122, 60, 43, 50, 6, 68, 110, 17, 51, 32, 52, 142, 51, 32, 85, 25, 6, 55, 0.014054, 
144, 86, 88, 117, 28, 8, 132, 81, 135, 29, 22, 12, 121, 88, 80, 98, 129, 128, 111, 108, 87, 78, 74, 38, 115, 141, 30, 46, 5, 103, 40, 66, 1, 89, 133, 22, 53, 122, 22, 19, 135, 137, 79, 26, 13, 20, 126, 119, 136, 142, 69, 62, 140, 124, 25, 50, 54, 58, 39, 94, 34, 77, 21, 27, 55, 107, 112, 59, 35, 16, 143, 47, 92, 134, 99, 57, 112, 83, 68, 114, 65, 52, 15, 100, 48, 56, 97, 4, 51, 31, 17, 116, 33, 100, 105, 9, 104, 11, 57, 0, 32, 101, 75, 37, 3, 76, 91, 118, 71, 123, 24, 41, 110, 95, 72, 10, 18, 7, 60, 61, 96, 6, 23, 139, 49, 120, 67, 73, 45, 42, 67, 106, 43, 63, 138, 90, 113, 84, 14, 125, 109, 44, 102, 75, 70, 131, 85, 82, 127, 36, 93, 0.007991, 
145, 43, 100, 117, 77, 139, 15, 55, 116, 29, 56, 95, 10, 140, 79, 81, 16, 46, 52, 3, 93, 21, 138, 115, 101, 130, 70, 101, 38, 73, 86, 88, 67, 53, 107, 56, 58, 96, 56, 63, 60, 1, 123, 78, 14, 30, 106, 84, 0, 39, 58, 72, 113, 4, 26, 17, 122, 62, 69, 124, 41, 102, 44, 94, 92, 50, 12, 40, 142, 90, 108, 66, 71, 105, 9, 144, 64, 80, 97, 36, 82, 27, 83, 61, 74, 45, 85, 109, 90, 128, 33, 87, 37, 127, 28, 143, 125, 125, 111, 5, 125, 20, 23, 32, 131, 68, 35, 59, 118, 13, 132, 57, 11, 49, 75, 119, 65, 120, 129, 7, 51, 6, 2, 31, 133, 47, 134, 18, 19, 54, 8, 24, 48, 136, 22, 34, 25, 99, 91, 110, 126, 114, 89, 23, 121, 141, 98, 76, 137, 103, 112, 0.010427, 
146, 115, 19, 133, 96, 8, 102, 107, 47, 16, 43, 123, 110, 14, 37, 53, 40, 1, 92, 108, 136, 66, 51, 0, 65, 140, 117, 80, 89, 112, 144, 34, 2, 60, 55, 43, 111, 30, 43, 41, 139, 54, 130, 46, 124, 7, 109, 49, 90, 87, 47, 35, 95, 104, 131, 56, 28, 27, 93, 125, 33, 128, 12, 141, 78, 105, 94, 3, 29, 82, 24, 4, 64, 145, 50, 63, 38, 5, 32, 106, 113, 143, 143, 142, 114, 79, 119, 132, 39, 134, 42, 36, 21, 62, 93, 57, 91, 13, 116, 103, 98, 122, 31, 45, 75, 70, 52, 97, 135, 26, 120, 86, 9, 48, 72, 25, 84, 99, 76, 77, 15, 73, 81, 101, 118, 22, 45, 59, 68, 6, 18, 11, 137, 71, 121, 69, 85, 23, 61, 20, 74, 129, 10, 31, 138, 88, 67, 83, 58, 44, 127, 0.008464, 
147, 33, 4, 0, 15, 102, 31, 85, 96, 70, 131, 144, 9, 3, 95, 107, 22, 24, 117, 143, 76, 79, 42, 128, 54, 36, 97, 54, 1, 73, 67, 140, 122, 87, 74, 131, 129, 123, 131, 124, 127, 69, 34, 90, 115, 84, 23, 11, 49, 106, 93, 65, 40, 16, 101, 119, 110, 142, 78, 130, 58, 8, 38, 109, 64, 29, 18, 118, 10, 82, 120, 46, 44, 92, 71, 94, 136, 50, 14, 72, 135, 35, 105, 141, 145, 118, 60, 63, 20, 89, 37, 17, 68, 86, 52, 121, 45, 98, 48, 21, 111, 25, 32, 146, 77, 133, 116, 7, 56, 51, 41, 19, 62, 39, 28, 13, 75, 53, 88, 81, 125, 113, 27, 66, 112, 2, 47, 132, 61, 91, 139, 55, 126, 134, 80, 114, 83, 6, 138, 43, 39, 103, 137, 32, 30, 5, 104, 99, 57, 26, 59, 0.012782, 
148, 55, 47, 85, 16, 73, 67, 126, 49, 53, 123, 76, 75, 144, 4, 86, 59, 13, 97, 24, 44, 68, 136, 0, 105, 66, 54, 35, 140, 71, 26, 14, 3, 146, 112, 123, 145, 116, 123, 118, 135, 141, 33, 142, 32, 133, 51, 45, 15, 88, 119, 113, 8, 130, 56, 94, 18, 117, 36, 79, 12, 9, 10, 84, 103, 23, 7, 52, 38, 121, 87, 46, 134, 25, 132, 28, 124, 83, 77, 131, 109, 1, 98, 95, 89, 102, 58, 78, 111, 11, 61, 64, 107, 127, 125, 143, 108, 108, 115, 50, 60, 69, 5, 129, 110, 40, 22, 34, 92, 70, 20, 114, 42, 21, 122, 17, 62, 39, 139, 65, 57, 104, 106, 27, 147, 137, 41, 96, 72, 91, 74, 30, 120, 138, 19, 82, 90, 128, 81, 80, 100, 29, 37, 5, 104, 101, 2, 93, 99, 48, 43, 0.013616, 
149, 101, 30, 143, 142, 97, 108, 77, 7, 59, 55, 54, 60, 123, 105, 27, 92, 144, 128, 61, 0, 72, 83, 85, 134, 50, 133, 125, 81, 25, 107, 51, 103, 70, 21, 55, 24, 131, 55, 84, 46, 115, 48, 42, 23, 139, 38, 3, 120, 89, 98, 76, 137, 57, 100, 53, 39, 74, 110, 146, 79, 129, 32, 86, 10, 135, 29, 114, 141, 102, 140, 9, 11, 22, 33, 90, 111, 147, 106, 63, 12, 15, 45, 119, 136, 41, 18, 126, 93, 78, 100, 28, 65, 17, 8, 37, 52, 19, 88, 94, 43, 36, 26, 5, 117, 91, 87, 2, 148, 14, 80, 1, 6, 73, 20, 47, 118, 138, 44, 40, 34, 95, 58, 121, 145, 109, 132, 96, 75, 130, 64, 56, 49, 112, 127, 16, 99, 71, 69, 67, 113, 4, 62, 26, 116, 35, 104, 124, 122, 68, 66, 0.010555, 
150, 109, 1, 14, 60, 23, 98, 114, 41, 45, 10, 19, 97, 55, 75, 73, 87, 24, 57, 68, 4, 85, 80, 22, 145, 100, 6, 12, 93, 70, 36, 40, 143, 50, 8, 10, 124, 125, 10, 62, 90, 141, 76, 139, 26, 84, 96, 54, 35, 133, 2, 129, 16, 127, 9, 136, 27, 86, 11, 53, 29, 82, 121, 33, 74, 126, 144, 37, 112, 47, 0, 5, 137, 105, 83, 18, 51, 138, 71, 56, 119, 31, 104, 43, 15, 99, 48, 123, 106, 30, 131, 120, 78, 13, 17, 77, 118, 7, 122, 20, 67, 116, 59, 128, 102, 42, 88, 69, 142, 72, 135, 21, 107, 146, 92, 63, 34, 65, 61, 95, 32, 117, 134, 52, 113, 110, 38, 81, 148, 103, 25, 46, 58, 147, 94, 101, 115, 108, 39, 89, 130, 44, 49, 59, 91, 28, 149, 79, 132, 140, 3, 0.004296, 

